1.9050325983874126,1.5083765079131342,0.3966560904742785,1.457860042916554,0,1.457860042916554,13
1.90584517453723,1.185615208641604,0.720229965895626,1.7531894578780363,0,1.7531894578780363,13
3.572180135875086,0.3156437913303751,3.256536344544711,1.893177711101261,0,1.893177711101261,13
1.7073809790808054,0.5453230456529444,1.1620579334278607,2.553963256628908,0,2.553963256628908,13
2.53731653414105,1.0311812847660737,1.5061352493749762,1.076053700474877,0,1.076053700474877,13
1.6205415157510454,0.9437273183865391,0.6768141973645065,1.712705726608387,0.00682655695269524,1.7058791696556916,13
1.5768551087704887,0.6591996880821557,0.917655420688333,2.754672715103833,0,2.754672715103833,13
3.711035448777546,2.5633037890108854,1.1477316597666611,2.174344418109699,0,2.174344418109699,13
2.9689090720427123,1.5209674836497218,1.4479415883929905,1.414567333307931,0,1.414567333307931,13
2.2084961634945324,1.8756587079671425,0.3328374555273896,1.7280811706384205,0,1.7280811706384205,13
2.498038895646874,0.522062795379729,1.9759761002671454,1.2185290165186142,0,1.2185290165186142,13
3.0315791928022824,0.24280492525285585,2.788774267549427,1.7400690086801205,0,1.7400690086801205,13
5.529751547915742,1.699249460939646,3.8305020869760957,1.4026301882320176,0,1.4026301882320176,13
2.674387621693842,1.6775609109802736,0.9968267107135687,2.3161960965944846,0,2.3161960965944846,13
2.5106974616611435,0.909521296375914,1.6011761652852297,1.2748027308977443,0,1.2748027308977443,13
4.224842990091295,3.2679223508837816,0.9569206392075121,1.668845279452507,0,1.668845279452507,13
3.5782982790873197,2.563527510412689,1.0147707686746308,1.7884337152561072,0,1.7884337152561072,13
5.327054793474717,2.0150426794879137,3.3120121139868024,1.4095541958065547,0,1.4095541958065547,13
1.488102289957422,1.1194042679789888,0.3686980219784335,4.754621835164117,0,4.754621835164117,13
4.452483906075348,1.4470607754317393,3.0054231306436083,1.7081776050957684,0,1.7081776050957684,13
3.2502660241695907,1.858835449564372,1.3914305746052185,1.1513711978165815,0,1.1513711978165815,13
3.0174174550946278,1.7473039919101128,1.270113463184515,1.1249416883247285,0,1.1249416883247285,13
1.5712140719989605,0.8692629716576805,0.7019511003412799,1.1766159496811655,0,1.1766159496811655,13
3.9543905100114527,1.6798145592381526,2.2745759507733,1.8107561038444306,0,1.8107561038444306,13
1.7565549700066048,1.1415728750708198,0.6149820949357844,3.18181339474363,0.02832229394661473,3.1534911007970146,13
3.714386501734598,1.9350272509739064,1.7793592507606921,1.6968596340928315,0,1.6968596340928315,13
4.1323179094176865,2.326156476226643,1.8061614331910434,2.0430709159174447,0,2.0430709159174447,13
1.7068979914796136,0.6599279327944204,1.0469700586851927,1.87774521723289,0,1.87774521723289,13
6.149910499119903,2.598003428327861,3.5519070707920433,2.3331464284038006,0,2.3331464284038006,13
5.531040130635884,3.2619631453014732,2.2690769853344106,2.042832360632784,0,2.042832360632784,13
2.089987555775577,1.6919081609410274,0.3980793948345495,1.2714519531528028,0,1.2714519531528028,13
2.9707161688547927,2.7741324359463,0.1965837329084923,1.7805150422060214,0,1.7805150422060214,13
2.0947634814695206,1.0011703295592236,1.093593151910297,1.3932265407582063,0,1.3932265407582063,13
5.496909799705309,2.7437210227036344,2.7531887770016747,1.5714262756053006,0,1.5714262756053006,13
2.5554007407996804,0.8432712311621774,1.7121295096375033,0.9513538761212288,0,0.9513538761212288,13
4.987796784026057,2.3190607196389976,2.6687360643870583,1.5213306721814845,0,1.5213306721814845,13
4.744327030371225,2.293217410578525,2.4511096197926996,2.1800444247995547,0,2.1800444247995547,13
1.9255175209999817,1.4114313364758753,0.5140861845241063,1.5873144516428126,0,1.5873144516428126,13
3.882657982995707,1.126206380371229,2.7564516026244785,2.3441773122994256,0,2.3441773122994256,13
5.624995562750538,2.8861293015321787,2.738866261218359,2.7393886259035325,0,2.7393886259035325,13
2.3535528674863473,0.6938051570609416,1.6597477104254057,3.0190611455302223,0.0016271170259420376,3.0174340285042804,13
2.721878632442864,0.6631638660325785,2.058714766410285,1.1344711526009688,0,1.1344711526009688,13
0.7831242278257879,0.4415391464055351,0.3415850814202528,2.4108157437219577,0,2.4108157437219577,13
2.3918333107068626,1.3485319948195773,1.043301315887285,1.0211188139088352,0,1.0211188139088352,13
2.136994854457706,1.4153572628144317,0.7216375916432745,1.6242860701495532,0,1.6242860701495532,13
5.227143625961058,4.1107468482533,1.1163967777077586,2.4446103174191602,0,2.4446103174191602,13
1.617486403308155,0.12332660241239299,1.494159800895762,1.3645915248945368,0,1.3645915248945368,13
2.568886291609654,0.6219881856856504,1.9468981059240043,1.0595242329372172,0,1.0595242329372172,13
3.683145500714669,2.8503172044976526,0.8328282962170166,2.456292389475808,0,2.456292389475808,13
3.0908398295960624,2.0491144801789667,1.0417253494170953,1.5369836844794178,0,1.5369836844794178,13
3.295714830178587,2.2985843091850353,0.9971305209935514,2.536809381247756,0,2.536809381247756,13
2.9467949334958137,1.9177459076354244,1.029049025860389,4.142629601794477,0,4.142629601794477,13
2.843256409165441,1.0792739384151295,1.7639824707503107,1.343747790130448,0,1.343747790130448,13
4.055475616658246,2.1849432227838794,1.870532393874366,2.903068919021096,0.013377481605389985,2.8896914374157054,13
6.302340327577876,3.436928323778862,2.865412003799014,1.431206904729065,0,1.431206904729065,13
2.6421778812543173,0.8933016337859074,1.74887624746841,1.775321682776551,0,1.775321682776551,13
2.5643749174487755,0.24280492525285585,2.3215699921959194,1.2770381023077908,0,1.2770381023077908,13
2.433940017574799,1.3362274192332793,1.09771259834152,1.482678411838903,0,1.482678411838903,13
4.57238388246597,2.357512199712969,2.2148716827530004,3.617305453704046,0,3.617305453704046,13
2.6445356695936315,1.6753405566350907,0.9691951129585411,1.4965100462215872,0,1.4965100462215872,13
2.3504993414235824,0.8893175324944652,1.4611818089291169,1.3267926789196085,0,1.3267926789196085,13
5.032188329639372,2.497507824293863,2.534680505345509,1.587261353986249,0,1.587261353986249,13
3.6496288634741636,2.340756611240871,1.308872252233292,1.262945770654111,0,1.262945770654111,13
3.9863112911168512,2.94787694546221,1.038434345654641,1.6454287890085513,0,1.6454287890085513,13
2.751434415460933,1.410732620094921,1.340701795366012,2.1936749068902315,0.02168387691210072,2.1719910299781304,13
2.5009633393969932,0.979772359289449,1.5211909801075438,1.466162186360881,0,1.466162186360881,13
1.3525027699531704,1.015961691326555,0.3365410786266154,1.4536016379773766,0,1.4536016379773766,13
1.7571839008823311,1.6414667017997815,0.11571719908254957,4.631952477433405,0,4.631952477433405,13
2.443801657322714,1.769101162559922,0.6747004947627923,3.1852639062131405,0.006722843662605255,3.1785410625505346,13
3.1150239810600575,1.645893431575802,1.4691305494842557,2.441724192353627,0,2.441724192353627,13
4.734210411959711,2.022684366242286,2.7115260457174246,3.3822648189224243,0,3.3822648189224243,13
2.8458568862068985,1.3264535113463118,1.5194033748605866,2.108467227224721,0,2.108467227224721,13
3.123923243078173,1.6869013118114293,1.4370219312667436,1.38947602595597,0,1.38947602595597,13
4.842713700699033,1.4373362968836625,3.40537740381537,3.475668749072078,0,3.475668749072078,13
4.3955232071565185,3.0178702840313276,1.3776529231251906,2.0688064217956685,0,2.0688064217956685,13
2.3352260080730205,0.7454261961102077,1.5897998119628127,2.3922304352930164,0,2.3922304352930164,13
2.103935454490891,1.735540064513063,0.36839538997782834,2.723656903267934,0,2.723656903267934,13
2.4975907925149765,2.1570171162031433,0.34057367631183333,1.1293614089493196,0,1.1293614089493196,13
4.101181706934882,2.1952512216200484,1.9059304853148331,0.9328918847537777,0,0.9328918847537777,13
3.2051783460984957,2.2909099445876624,0.9142684015108332,1.932832804711892,0,1.932832804711892,13
2.835068100699978,1.3752680759140377,1.4598000247859408,1.460555847973593,0,1.460555847973593,13
2.8202034040372133,2.0736485399263613,0.7465548641108524,2.033705370609706,0,2.033705370609706,13
1.5485329145544091,0.9578127578248626,0.5907201567295467,1.4409650118806994,0,1.4409650118806994,13
3.172254940690872,2.708572405060151,0.4636825356307209,1.5721032944886166,0,1.5721032944886166,13
2.5655273785162036,0.6113833336167173,1.954144044899487,2.35266640825975,0,2.35266640825975,13
2.5857803305520686,1.6819698167553006,0.9038105137967676,2.7657785422321854,0,2.7657785422321854,13
3.262465014982981,2.625015141533156,0.6374498734498251,3.952477050549227,0,3.952477050549227,13
1.7668354008800167,0.534906367999043,1.231929032880973,2.1636586941838165,0,2.1636586941838165,13
1.4334564079197938,0.7524593598920457,0.680997048027748,2.3324380037715375,0,2.3324380037715375,13
2.9361691508225296,1.6154090230229394,1.3207601277995904,1.3657798146200264,0,1.3657798146200264,13
5.022697910793063,2.326333268858713,2.696364641934349,1.7108950574199273,0,1.7108950574199273,13
3.0286486106052197,0.7542718585358368,2.274376752069383,2.357992441676207,0,2.357992441676207,13
2.7051488388283014,1.9856596330794063,0.7194892057488953,1.947642398490113,0,1.947642398490113,13
5.690813612268978,3.13749072201337,2.5533228902556075,1.865123220857909,0,1.865123220857909,13
2.3493480746691793,1.47455892844692,0.8747891462222587,1.7703291225597628,0,1.7703291225597628,13
3.238995474068683,2.340259710566918,0.8987357635017642,1.7266125859382986,0,1.7266125859382986,13
3.6015627884499457,2.6950287296649575,0.9065340587849875,2.9738080267172986,0,2.9738080267172986,13
2.5912635155568133,0.2759154314559143,2.3153480841008993,0.8673772163059479,0,0.8673772163059479,13
3.2290822345059924,1.5314604221018182,1.6976218124041744,2.998383257748584,0,2.998383257748584,13
2.67958562624644,1.814427822943924,0.8651578033025165,2.07689558678498,0,2.07689558678498,13
3.520300470571035,2.8838354232263,0.636465047344735,1.2050323075848763,0,1.2050323075848763,13
1.9356585284772596,0.5242542249119249,1.4114043035653348,1.246896516750848,0,1.246896516750848,13
3.4440929213679494,2.0677377324213992,1.3763551889465497,2.617585986855548,0,2.617585986855548,13
3.655287019696888,2.0961242118838657,1.5591628078130222,2.880398287344043,0,2.880398287344043,13
2.8120744005403564,2.410222884101741,0.40185151643861533,2.4118093937707172,0,2.4118093937707172,13
4.770881702517803,0.4584318721127959,4.312449830405007,2.829134621121611,0,2.829134621121611,13
2.5027581751145815,1.1322024308197367,1.3705557442948453,1.322488032094529,0,1.322488032094529,13
4.237336389875423,2.375930209891107,1.8614061799843151,1.7716939776526512,0,1.7716939776526512,13
2.43812068603017,1.306342176806414,1.1317785092237556,1.6526022324042846,0,1.6526022324042846,13
1.4998246001731441,0,1.4998246001731441,1.7169151279185915,0,1.7169151279185915,13
2.428819742402734,1.3057895401601738,1.1230302022425598,2.348585437661278,0,2.348585437661278,13
2.748233213466894,1.212225155707114,1.5360080577597803,1.3555512138730768,0,1.3555512138730768,13
1.8864720009563298,0.49136957682669047,1.3951024241296395,3.1679517158742954,0,3.1679517158742954,13
2.3725716629137428,2.1917893897593212,0.18078227315442175,1.9783187806899185,0,1.9783187806899185,13
1.2668910907015678,0.42620367622416927,0.8406874144773984,1.8106608934102664,0.002150024147607066,1.8085108692626592,13
4.77905170807519,4.006979588098687,0.7720721199765026,2.806190522466834,0,2.806190522466834,13
3.14592592377492,1.1569973461433505,1.9889285776315697,2.218608275706506,0,2.218608275706506,13
1.8017855477104001,0.8065876630537925,0.9951978846566074,2.2365215126478786,0,2.2365215126478786,13
4.5855274704938545,2.969582488158761,1.6159449823350938,1.5055523073345407,0,1.5055523073345407,13
2.5527829417353467,1.3379235204703348,1.2148594212650117,1.3951289033778285,0,1.3951289033778285,13
2.7577488675549873,1.183191191597258,1.5745576759577298,2.5124644973748738,0,2.5124644973748738,13
2.420448183736649,0.9279406633875028,1.4925075203491462,2.2385702759037183,0,2.2385702759037183,13
0.8149695464736797,0.582028898527575,0.2329406479461046,0.9553606251659303,0.0003504447416745604,0.9550101804242557,13
2.7340281394289834,0.04449378382614033,2.6895343556028433,1.061008678665184,0,1.061008678665184,13
2.900733830670955,1.9863289714380883,0.9144048592328669,1.0337260188988613,0,1.0337260188988613,13
3.0237502942258545,1.3343017307064178,1.6894485635194358,1.0570784033405551,0,1.0570784033405551,13
3.2197616647319918,1.4707018712956843,1.7490597934363075,2.6528358007874098,0,2.6528358007874098,13
2.3497845304100604,1.2805939221063085,1.0691906083037512,2.5714624300161337,0,2.5714624300161337,13
3.5318998766567775,3.102339770658407,0.4295601059983707,1.854877718918198,0,1.854877718918198,13
4.597141165520223,2.3047146505010296,2.292426515019193,2.351343021958332,0,2.351343021958332,13
1.7545891600957026,0.9904821571565553,0.7641070029391477,2.3092724952125985,0,2.3092724952125985,13
4.931420650532623,1.704201363054062,3.22721928747856,2.4617616225669607,0,2.4617616225669607,13
4.356344440258768,2.5228344329198147,1.8335100073389532,1.89458462930124,0,1.89458462930124,13
3.5373771069371,1.1354713892817054,2.401905717655394,1.6881890345723614,0,1.6881890345723614,13
1.9602624611584538,0.87529321467232,1.0849692464861338,1.612552235303154,0,1.612552235303154,13
3.7951920570758233,1.4883326558782004,2.306859401197623,2.290155569211023,0,2.290155569211023,13
4.0138300402469245,1.422470927235163,2.591359113011761,1.2555280539461773,0,1.2555280539461773,13
1.7912731238513933,1.7255482574848278,0.06572486636656555,2.7416129640129094,0,2.7416129640129094,13
3.192143717824533,2.889109973461971,0.3030337443625624,1.1387649876682304,0,1.1387649876682304,13
3.4016769726757405,1.6276212161864714,1.7740557564892692,3.933177057339816,0.007717027049112146,3.925460030290704,13
3.525836728492619,2.179661625631728,1.3461751028608906,3.1381481293424183,0,3.1381481293424183,13
2.5800811090643094,0.48905312577051196,2.091027983293798,1.1460051448105164,0,1.1460051448105164,13
3.2685869880564473,0.34055041184933343,2.928036576207113,1.437105507115781,0,1.437105507115781,13
3.9651842743823256,1.7709921444673302,2.1941921299149953,3.2167267405336117,0,3.2167267405336117,13
1.775746299718688,1.172328423330955,0.6034178763877327,1.0534879927242036,0,1.0534879927242036,13
4.215197157336702,2.5169247163566384,1.6982724409800636,2.6967643237144117,0,2.6967643237144117,13
2.2760041210661144,0.8413566867329957,1.4346474343331184,2.186741732436105,0.004186612003729717,2.182555120432375,13
1.8091400115279668,1.143410228054107,0.6657297834738596,1.6666026736731085,0,1.6666026736731085,13
3.1847723371700947,1.1368317785471955,2.0479405586228996,3.755569889062613,0,3.755569889062613,13
1.5774274280244376,0.2977201803915632,1.2797072476328746,2.568830140491941,0.03838448059652455,2.530445659895416,13
5.0121172229811215,1.4228731152885754,3.5892441076925463,1.4798695056231623,0,1.4798695056231623,13
1.1141843886730025,0.37320016213426305,0.7409842265387396,0.9826999218434498,0,0.9826999218434498,13
2.2949526281968335,0.9553451054613952,1.3396075227354385,1.653688820650269,0,1.653688820650269,13
2.790764480698932,0.5205988587830791,2.270165621915853,1.391899895165761,0,1.391899895165761,13
3.244877474594718,2.877647640760515,0.36722983383420255,3.3284588587773998,0,3.3284588587773998,13
2.293128974885274,1.1086557838602127,1.1844731910250617,2.4171594396276093,0,2.4171594396276093,13
1.9333779582517197,0.44210689686233884,1.4912710613893811,1.278567340219794,0,1.278567340219794,13
2.7717857321008985,1.0450658809374511,1.726719851163448,1.4713945357692895,0,1.4713945357692895,13
4.02987141511103,2.689131409535718,1.340740005575312,2.9196065188598066,0,2.9196065188598066,13
2.9566004220033606,0.980859118349677,1.9757413036536842,1.9481541754540015,0,1.9481541754540015,13
2.018768707250167,1.4357989913672407,0.5829697158829262,1.90863278660452,0,1.90863278660452,13
1.6677514468317225,1.2601273692800743,0.40762407755164826,0.9642450275930332,0,0.9642450275930332,13
2.150424995518704,1.22773731060771,0.9226876849109938,1.6801738137577689,0.002110942625662776,1.678062871132106,13
2.3570620376054388,0.82798798316183,1.529074054443609,1.3675849066248142,0,1.3675849066248142,13
3.019027823992477,1.6978024875948659,1.3212253363976114,1.0246133131897301,0,1.0246133131897301,13
1.7321055775613001,0.650167056287893,1.0819385212734072,1.3396379226714783,0,1.3396379226714783,13
1.1157204015535633,0.6714309200632408,0.4442894814903225,1.1247737502308333,0,1.1247737502308333,13
3.5279612336501778,1.1434073951921169,2.384553838458061,2.129470555151717,0,2.129470555151717,13
3.5056370365125504,0.5855597498938527,2.920077286618698,2.2642996869239815,0,2.2642996869239815,13
1.5498984161909943,0.8951765041539367,0.654721912037058,3.417084432961986,0,3.417084432961986,13
1.2057194109434966,1.1556532088139504,0.0500662021295461,1.0931986033758085,0,1.0931986033758085,13
3.41540053660308,1.3710826490352142,2.0443178875678663,2.327893598643742,0,2.327893598643742,13
1.6351164076740736,0.8819213559559033,0.7531950517181705,2.0727198459564447,0,2.0727198459564447,13
3.4475535599530667,1.3452512279474227,2.1023023320056438,3.525830599783186,0,3.525830599783186,13
2.9705937293079723,1.0076312425137894,1.9629624867941824,2.0116244407029082,0,2.0116244407029082,13
4.470482872730867,2.785669348685919,1.6848135240449476,2.7560836484923907,0,2.7560836484923907,13
1.5362781058618524,0.037926148841807256,1.4983519570200452,1.6075179406837514,0,1.6075179406837514,13
1.1612350880415077,0.9520374192826198,0.2091976687588878,1.141802509844081,0.0035724737551499075,1.1382300360889313,13
2.2027786912072265,0.8859018594210211,1.3168768317862058,1.2445724191881302,0,1.2445724191881302,13
3.7934900057121315,2.9724834011082066,0.8210066046039253,2.7452565731388936,0,2.7452565731388936,13
5.218398133171801,4.375411546769241,0.8429865864025592,1.8579415385952562,0,1.8579415385952562,13
4.820062629313244,2.0139117347316944,2.80615089458155,2.360899911489941,0,2.360899911489941,13
4.894151486776815,2.2242241756738275,2.669927311102988,1.7063133497494525,0,1.7063133497494525,13
3.825765290392231,1.4640317842707298,2.3617335061215003,1.6896435666308198,0,1.6896435666308198,13
2.6301266162510784,1.6680601486220215,0.9620664676290567,1.8965955722512142,0,1.8965955722512142,13
1.1453118150329809,0.7355490274367434,0.4097627875962375,0.9317797436210823,0,0.9317797436210823,13
3.0738295562824116,2.607541985966467,0.46628757031594475,2.679928542275614,0,2.679928542275614,13
3.588173256715885,1.6208462000195119,1.9673270566963725,2.324544904038916,0,2.324544904038916,13
4.103647026825123,1.8757382598989847,2.2279087669261384,2.150293991418628,0,2.150293991418628,13
3.218487258834265,2.133590779787553,1.0848964790467113,1.5571728008277805,0,1.5571728008277805,13
2.5456537588588097,1.3371833814248268,1.2084703774339831,1.4117965327689148,0,1.4117965327689148,13
1.5916308459749926,0.9239865690520228,0.6676442769229695,1.1761133753352948,0,1.1761133753352948,13
1.0401216858622486,0.7601034547599763,0.2800182311022723,1.0958037199124109,0,1.0958037199124109,13
3.1625290867836733,2.370801521656153,0.7917275651275203,1.4963903454407539,0,1.4963903454407539,13
4.707648059209174,0.9043344538546043,3.80331360535457,3.1284827079520294,0,3.1284827079520294,13
0.8540864805523201,0.5487629310252617,0.3053235495270584,0.9451081219901569,0,0.9451081219901569,13
1.9748398875133433,0.46157064959483124,1.513269237918512,0.9853520458997735,0,0.9853520458997735,13
2.270708027258232,0.5971038334822505,1.6736041937759814,1.3756874139457738,0,1.3756874139457738,13
1.8843060989121772,1.4521765090264196,0.4321295898857574,2.282538648666627,0,2.282538648666627,13
1.4860632747623095,0.9015700378497205,0.5844932369125891,1.3246406077470814,0,1.3246406077470814,13
6.877383505350087,0.9846980255487394,5.892685479801349,2.8449191498794058,0,2.8449191498794058,13
0.7792395880204502,0.7126842492548054,0.06655533876564487,2.5678528327293595,0.02476595888008809,2.543086873849272,13
4.325301221186946,3.7479329826624848,0.5773682385244612,2.792263898899406,0,2.792263898899406,13
4.084836541107539,2.6623207773314044,1.4225157637761354,1.3582339484480823,0,1.3582339484480823,13
3.2647849450354265,2.277168890182918,0.9876160548525081,1.5615653557213711,0,1.5615653557213711,13
2.2235622178784986,1.0489291755454742,1.174633042333024,1.7333669825307019,0,1.7333669825307019,13
4.711680829709557,3.1220623700099512,1.5896184596996066,1.6550427120403994,0,1.6550427120403994,13
4.200759841301885,2.9727132858425414,1.2280465554593425,3.071456491977634,0,3.071456491977634,13
2.8978470587562026,0.6581414209951337,2.2397056377610687,2.6051357496172622,0.0011584284211516582,2.60397732119611,13
5.783370613387342,2.1203042293516283,3.6630663840357136,2.1184448111439096,0,2.1184448111439096,13
4.927474337291828,2.5875292279634547,2.339945109328373,1.849697231762764,0,1.849697231762764,13
2.655625189577299,1.5735418153266592,1.0820833742506393,2.397523509229644,0,2.397523509229644,13
4.609249236423455,1.4305009914146158,3.1787482450088396,2.6136231089653865,0,2.6136231089653865,13
3.751823496965,1.687704749610776,2.0641187473542244,3.0765988341734327,0,3.0765988341734327,13
4.724329644575203,2.2733743746709107,2.4509552699042922,1.7329411873540714,0,1.7329411873540714,13
1.5801681006754829,0.6621196244375125,0.9180484762379699,2.7911020771313266,0,2.7911020771313266,13
3.2752003798693092,2.13389557716374,1.1413048027055699,2.0260790555489234,0,2.0260790555489234,13
2.818846875836562,1.1149566300289306,1.703890245807631,1.886546779120508,0,1.886546779120508,13
1.0177141308579207,0.1436682607764707,0.8740458700814498,1.7213178986182402,0.007928222843751498,1.7133896757744889,13
2.317483232223077,1.964030568604699,0.353452663618378,0.8966447340890611,0,0.8966447340890611,13
1.1282524331023571,0.30209480132441613,0.826157631777941,1.3420014466932757,0,1.3420014466932757,13
1.5632396578054821,1.2035673276948966,0.3596723301105854,1.4547380398486036,0,1.4547380398486036,13
1.499831841869991,0.7682914282073773,0.7315404136626135,1.1312811525176178,0,1.1312811525176178,13
5.168887198178277,2.6127720408103734,2.556115157367903,1.6529246315038244,0,1.6529246315038244,13
3.3106904070003615,1.837953253145429,1.4727371538549325,1.1582608882697172,0,1.1582608882697172,13
2.574618234310214,1.168652867411395,1.405965366898819,3.1383510581899374,0,3.1383510581899374,13
3.8030110425517805,0.719013813404558,3.083997229147222,2.230752948200538,0,2.230752948200538,13
3.740428293395602,1.570383859835426,2.170044433560176,1.4808479358843971,0,1.4808479358843971,13
3.51692594935873,1.854982079231848,1.6619438701268823,1.3357221012526748,0,1.3357221012526748,13
3.0447757031816804,0.926341491788913,2.118434211392767,2.4328889974948655,0,2.4328889974948655,13
4.08731651635233,2.171617746180896,1.9156987701714334,1.674422536828133,0,1.674422536828133,13
1.5586295778778316,0.6917837866739507,0.8668457912038808,3.440777803877666,0,3.440777803877666,13
2.5838697720432635,1.1951218255699765,1.3887479464732873,2.225339220072845,0,2.225339220072845,13
1.8163569971940046,1.2600403148346075,0.556316682359397,1.7161074586958525,0.009124983883160576,1.7069824748126918,13
2.142992785925758,1.6470169950011824,0.4959757909245756,1.8654130504551512,0,1.8654130504551512,13
3.2658910629957894,2.6929926826665973,0.572898380329192,1.3114113524288047,0,1.3114113524288047,13
5.237641689838986,1.7024900313927658,3.5351516584462197,2.5108739162511853,0,2.5108739162511853,13
2.9338852616097983,1.186883817848476,1.747001443761322,2.5605266068295407,0,2.5605266068295407,13
2.009016541324245,1.5098208662548271,0.49919567506941803,1.5286726603496548,0.023582050753953143,1.5050906095957015,13
2.912590378735974,2.2338517846599943,0.6787385940759801,2.053475339480968,0,2.053475339480968,13
3.9860215052310815,2.0053082156925472,1.9807132895385346,2.250644856908763,0,2.250644856908763,13
1.53620350570022,0.7102690833460898,0.8259344223541301,0.9309451857461463,0,0.9309451857461463,13
2.3889793325624855,1.4212343658569282,0.9677449667055571,2.7148150763318775,0,2.7148150763318775,13
2.9254691676642777,1.440710197569662,1.4847589700946153,1.591998444000224,0,1.591998444000224,13
2.03230035038533,0.8661678234273128,1.1661325269580174,2.6764161192181666,0,2.6764161192181666,13
2.3106007770854755,0.8944118624687182,1.4161889146167574,3.0387643019418165,0,3.0387643019418165,13
1.329956753310002,0.2572188477369092,1.0727379055730928,1.0842671238715436,0,1.0842671238715436,13
3.5939079382465984,1.7920073790351032,1.8019005592114954,2.663253516132664,0,2.663253516132664,13
1.7266021239061298,0.94373970232195,0.7828624215841797,1.1694428912099282,0,1.1694428912099282,13
1.9317579286495024,1.5343380771832484,0.3974198514662543,1.181088422607157,0,1.181088422607157,13
1.5223717291661774,0.785191616257227,0.7371801129089499,1.3053702117566437,0,1.3053702117566437,13
3.79580446005441,2.4819952221508155,1.3138092379035944,3.699385392409044,0,3.699385392409044,13
1.3997205494827991,0.7092628856141306,0.6904576638686681,2.4079442137742864,0,2.4079442137742864,13
1.4663978383535474,1.0674298490162146,0.39896798933733285,2.1644714931167988,0,2.1644714931167988,13
1.8713968269788834,1.3068609943196663,0.5645358326592167,3.3970663484214563,0,3.3970663484214563,13
1.490100008628885,0.8228387160204368,0.6672612926084482,0.8636371478845627,0,0.8636371478845627,13
4.109743533722505,2.38443690896559,1.7253066247569149,2.5415749409310253,0,2.5415749409310253,13
3.2539136783338103,1.4201740157919425,1.8337396625418676,1.8366070262998708,0,1.8366070262998708,13
1.8837404483326101,1.4469581056389587,0.43678234269365096,3.842299292649579,0.0008960800005116676,3.841403212649067,13
4.40149873793577,1.2469607101249807,3.15453802781079,2.315906087144217,0,2.315906087144217,13
2.680531799359292,2.023073141857758,0.6574586575015339,1.3737371290826799,0,1.3737371290826799,13
3.1168848308346777,2.569703181006878,0.5471816498277996,1.2712758556201365,0,1.2712758556201365,13
2.3538397477658317,0.9303679249585632,1.423471822807268,1.7403712120647292,0,1.7403712120647292,13
1.7682533339483446,0.6195130032349943,1.1487403307133506,1.406721931557162,0,1.406721931557162,13
2.073937721953799,0.8786443485354773,1.195293373418322,1.9684439808590328,0,1.9684439808590328,13
4.602062629539967,1.8679982837424869,2.73406434579748,2.404239048718943,0,2.404239048718943,13
3.3178776833394164,0.3089245593361426,3.0089531240032734,1.2784726629980543,0,1.2784726629980543,13
4.599998937381239,2.753224021031277,1.846774916349962,1.404424831029327,0,1.404424831029327,13
3.490374719686577,1.5296775149127344,1.9606972047738418,1.31312449018857,0,1.31312449018857,13
2.3485109975514655,1.2295250475540014,1.1189859499974641,1.3419730803436811,0,1.3419730803436811,13
2.0783425874515893,0.9333534375143647,1.1449891499372242,1.8420657505289406,0,1.8420657505289406,13
1.2594106271183145,0.5764402384705979,0.6829703886477169,2.402620148581426,0.00246473294677535,2.400155415634651,13
2.0624451647258923,0.1447826684910778,1.9176624962348146,2.743326217008255,0.00014280283743756117,2.743183414170818,13
2.7767428673110137,2.28653156959162,0.49021129771939354,4.5218246117104774,0.012095528738161554,4.509729082972316,13
2.7298044217814668,0.4268015653383598,2.3030028564431073,1.1103511347670647,0,1.1103511347670647,13
3.476369683866136,1.4502501019867213,2.026119581879415,1.7551970359001223,0,1.7551970359001223,13
3.7185932650750724,2.5425010302331446,1.176092234841928,1.2921840855434916,0,1.2921840855434916,13
1.3814230890754642,0.28027479065810557,1.1011482984173584,0.8809462982410232,0,0.8809462982410232,13
2.7778382863758404,2.415295177758687,0.3625431086171534,2.289007662185157,0,2.289007662185157,13
1.717261556817752,1.3404496625201379,0.3768118942976142,0.9464458683521654,0,0.9464458683521654,13
3.436973028281232,0.39745696434321853,3.0395160639380134,2.8879242588978613,0,2.8879242588978613,13
1.8206819252170257,1.5687540909428503,0.2519278342741753,1.3213595994291554,0,1.3213595994291554,13
1.3439782121378299,0.6507264478018215,0.6932517643360081,1.058550461002105,0,1.058550461002105,13
1.1435225087617453,0.791574731428186,0.3519477773335592,1.0993669190139845,0,1.0993669190139845,13
2.0182046728929874,0.888401139225104,1.1298035336678836,2.544443391307747,0,2.544443391307747,13
1.6974356077103128,1.221483419143947,0.4759521885663658,1.6785000639483365,0,1.6785000639483365,13
2.3294001552480523,0.9066776789837814,1.4227224762642714,1.5214862519789076,0,1.5214862519789076,13
2.5912814049378117,0.4884121951401553,2.1028692097976562,1.6072591080212866,0,1.6072591080212866,13
2.268577090014304,0.4422121312160632,1.826364958798241,1.5881370661749392,0,1.5881370661749392,13
2.438727104304716,1.5576001114621894,0.8811269928425259,1.9195748981211556,0,1.9195748981211556,13
2.355139305237498,1.1307325948722884,1.2244067103652099,2.2724537853229387,0,2.2724537853229387,13
2.1159305255840386,1.6835134577747417,0.43241706780929734,1.440371551219687,0,1.440371551219687,13
0.9181853482299709,0.7022856925607526,0.21589965566921826,2.314374432313411,0,2.314374432313411,13
1.8071209530666172,1.1999600201270175,0.6071609329395996,1.1927021925494181,0,1.1927021925494181,13
2.174331543336708,1.6933217547447894,0.4810097885919184,3.1012188865747885,0,3.1012188865747885,13
1.0803025208047385,1.0124256171022046,0.06787690370253407,1.4170894584211031,0,1.4170894584211031,13
2.2262673310148107,2.0243972305117484,0.20187010050306253,1.3436806109395296,0,1.3436806109395296,13
3.0389071136127375,1.7973080487209256,1.2415990648918116,2.3860361313282676,0,2.3860361313282676,13
1.0913131434119734,0.475630600323797,0.6156825430881763,2.674159780052678,0,2.674159780052678,13
1.791180263854581,1.0926707137840879,0.698509550070493,2.8219934894775642,0,2.8219934894775642,13
4.561799466248779,2.6156433337802776,1.946156132468501,1.701199678403919,0,1.701199678403919,13
4.197359587577587,2.162076740185176,2.035282847392411,1.774347214635986,0,1.774347214635986,13
3.636362575685835,2.977944824686322,0.6584177509995135,2.880226359308203,0,2.880226359308203,13
5.044906335812234,3.49330184352442,1.5516044922878143,2.4752973672242304,0.005248440618585926,2.470048926605645,13
5.746968272059425,2.3416331151923426,3.405335156867083,4.671075739176359,0,4.671075739176359,13
3.4902355267318246,1.5834754104251503,1.9067601163066743,1.8145800807295063,0,1.8145800807295063,13
1.3652889121911016,0.9187029873232226,0.44658592486787896,1.8018491718721354,0,1.8018491718721354,13
1.6084495156705843,0.48369968125303264,1.1247498344175517,2.037600681703829,0,2.037600681703829,13
2.991040857159676,1.5374550627705754,1.4535857943891006,2.534463356401644,0,2.534463356401644,13
3.507459684783352,2.2224461746009276,1.2850135101824238,1.5239909895857562,0,1.5239909895857562,13
2.4255337005446065,2.0096371521558494,0.4158965483887569,1.4011510918005785,0,1.4011510918005785,13
3.3920074727048966,0.8080408614767777,2.5839666112281185,1.5243993251815637,0,1.5243993251815637,13
4.6518756870391975,2.2019912110709536,2.4498844759682448,1.901947641701753,0,1.901947641701753,13
2.8802950151110487,1.6498067828103422,1.230488232300707,1.2303112139898569,0,1.2303112139898569,13
0.6999273617359265,0.4519165490882334,0.24801081264769298,1.1767854029679288,0,1.1767854029679288,13
6.272501327085623,3.232745243436548,3.039756083649075,1.2750236128735848,0,1.2750236128735848,13
2.3274713315277933,1.3465147938357873,0.9809565376920057,1.7386730750888306,0,1.7386730750888306,13
4.235469950762695,3.1386025859329956,1.0968673648296996,2.962101263089508,0,2.962101263089508,13
3.106273847199025,1.5770099869294745,1.52926386026955,1.7556883586677885,0,1.7556883586677885,13
3.0208642797467204,1.4364281576382731,1.584436122108447,4.489867686059993,0,4.489867686059993,13
3.186894850124293,1.2334720196840852,1.953422830440208,2.720321105473116,0,2.720321105473116,13
4.1846531608559845,1.4624059291374838,2.7222472317185007,1.809500379993011,0,1.809500379993011,13
2.992999515831215,1.1195387540503738,1.873460761780841,3.148951159687953,0,3.148951159687953,13
2.2052804583136565,1.5287662551721106,0.676514203141546,4.278555457710922,0,4.278555457710922,13
1.5786940330242583,1.0934454027722649,0.4852486302519936,2.282858325229541,0,2.282858325229541,13
1.2641636700561087,0.434980040160079,0.8291836298960296,0.8737912031569997,0,0.8737912031569997,13
2.563574311257045,0.6360030870458088,1.9275712242112364,1.6095726913325277,0,1.6095726913325277,13
2.3221405323667414,1.4452641509827457,0.8768763813839955,1.0853784593209335,0,1.0853784593209335,13
2.149227089501502,1.2901165088899162,0.8591105806115857,0.9355303569733748,0,0.9355303569733748,13
3.8643319478734384,2.5220822923057904,1.342249655567648,2.6817244719897393,0,2.6817244719897393,13
2.279381708557383,1.0114185935601845,1.2679631149971982,1.7294184390668808,0,1.7294184390668808,13
3.807482843201355,2.6232491149168915,1.1842337282844633,1.9990897330633568,0,1.9990897330633568,13
2.418001014094853,0.8568264368993619,1.561174577195491,1.9188779847199355,0,1.9188779847199355,13
1.5183356440752536,0.9022962758913954,0.6160393681838578,0.960962325617625,0,0.960962325617625,13
2.044159920356952,1.0979912633536208,0.9461686570033316,2.701740708007737,0,2.701740708007737,13
1.863103911177952,0.5958176865125695,1.2672862246653827,2.906532457286314,0.004153855148075897,2.902378602138238,13
1.7974767903059712,1.2677600875905646,0.5297167027154068,3.0318794985232085,0,3.0318794985232085,13
3.400190129108963,1.845914153133566,1.5542759759753975,1.597374364995607,0,1.597374364995607,13
3.5014765136381625,1.4148799532189993,2.086596560419163,3.2548185514080314,0,3.2548185514080314,13
3.686982130103796,1.471402274127839,2.215579855975957,1.8516955256465526,0,1.8516955256465526,13
2.246440878883298,1.564220239907085,0.6822206389762124,2.306127908864634,0.0017813858775195812,2.304346522987114,13
3.195165511782495,1.439024009693048,1.7561415020894466,1.8563603417093164,0,1.8563603417093164,13
4.056934959729354,2.2163119544780336,1.8406230052513202,1.5145237754543275,0,1.5145237754543275,13
3.138383854307785,2.3833595261506644,0.7550243281571208,0.9688543622457099,0,0.9688543622457099,13
2.557384156512081,1.4102849549144976,1.147099201597583,1.170292386269154,0,1.170292386269154,13
5.216497161016473,2.5917850455479163,2.624712115468558,1.0937850504389188,0,1.0937850504389188,13
3.4708603599842998,2.522540499579968,0.9483198604043317,2.6500348810320413,0,2.6500348810320413,13
2.3434287663743922,0.7505765068037897,1.592852259570602,2.062204867141388,0,2.062204867141388,13
2.4032167903950588,1.0905620480514373,1.312654742343622,2.942978927434813,0,2.942978927434813,13
2.2900096011339284,0.4661919451204157,1.8238176560135129,1.5250169640073858,0,1.5250169640073858,13
2.846302861825916,2.64614623503949,0.20015662678642654,1.8822276482720943,0,1.8822276482720943,13
1.7589652420442392,0.10443549069766572,1.6545297513465735,4.001854714989455,0,4.001854714989455,13
2.5147668265981227,1.2760301083169452,1.2387367182811777,1.7020677961043402,0,1.7020677961043402,13
2.4981426877616073,1.584868322933569,0.9132743648280384,1.2820564398119108,0,1.2820564398119108,13
4.801491366080216,3.0591583828577638,1.7423329832224526,4.082051589380197,0,4.082051589380197,13
1.7318382272038788,0.24364880430859812,1.4881894228952808,1.0647023108127955,0,1.0647023108127955,13
1.8766505378335465,1.1346149957930756,0.742035542040471,0.8753922552957704,0,0.8753922552957704,13
2.555868143884669,1.0340903790434135,1.521777764841255,2.309667965546229,0,2.309667965546229,13
7.389278676618515,2.9824037058776467,4.406874970740868,2.5771824158027568,0,2.5771824158027568,13
2.036878029520845,1.7218815816154744,0.31499644790537107,0.8455859367936968,0,0.8455859367936968,13
4.663810639599518,2.6154147814882625,2.048395858111255,1.5685090275597275,0,1.5685090275597275,13
4.171161159059805,2.0684658828822897,2.1026952761775153,1.880746953261644,0,1.880746953261644,13
2.8117840242853305,1.5829251468452252,1.228858877440106,2.6433914118563475,0,2.6433914118563475,13
2.5597090408296186,0.8965013449046267,1.6632076959249922,1.4169475394900983,0,1.4169475394900983,13
1.8338659493182143,0.4394527858686185,1.394413163449596,1.5633227357350485,0,1.5633227357350485,13
2.3855779211818833,1.8362572732483975,0.549320647933486,1.2421976833030273,0,1.2421976833030273,13
2.3641722913829506,0.6374498734498251,1.726722417933125,3.2923639451506297,0.0031242544185577925,3.2892396907320727,13
1.961576223999551,0.13856028591697245,1.8230159380825783,0.8852978090309673,0,0.8852978090309673,13
1.480657138134253,0.7912713319001594,0.6893858062340938,1.3919562573949813,0,1.3919562573949813,13
3.9864589613380588,2.291974574003703,1.694484387334356,1.1520404504157877,0,1.1520404504157877,13
1.4558242180862417,0.9357201020394714,0.5201041160467701,1.0835132271819001,0,1.0835132271819001,13
3.0197194376371126,2.3800443945000964,0.6396750431370165,1.6397870341455858,0,1.6397870341455858,13
3.187355467428374,1.6426022930413047,1.544753174387069,1.3234169934429016,0,1.3234169934429016,13
0.5983573200930427,0.14382125985364647,0.4545360602393963,1.6242056515156968,0,1.6242056515156968,13
1.877248263585543,0.9570012676689765,0.9202469959165666,1.057017647529196,0,1.057017647529196,13
2.719307284571999,1.389868599898612,1.3294386846733872,1.8770128689793915,0.00023307695559249275,1.876779792023799,13
2.4194507942404986,0.24418644551524327,2.175264348725255,3.6007269735232628,0,3.6007269735232628,13
1.8582329082972007,0.7374389405705951,1.1207939677266059,1.8387922823005827,0,1.8387922823005827,13
2.8121435210572217,1.0639063755982083,1.748237145459013,1.4818530162978232,0,1.4818530162978232,13
2.507192244480493,0.8975925424060507,1.6095997020744428,1.236181696245756,0,1.236181696245756,13
2.1249571586259766,1.5356740849922201,0.5892830736337559,1.8020629108343864,0,1.8020629108343864,13
2.436584982959891,1.257913656317695,1.1786713266421964,2.1910607781398728,0,2.1910607781398728,13
5.610873607362199,2.2434895495594303,3.3673840578027705,2.948848217041081,0,2.948848217041081,13
3.89112457714907,1.6105341231252739,2.280590454023796,1.0032339369769359,0,1.0032339369769359,13
4.493843427002246,3.3771587410881696,1.116684685914076,2.4831539657688753,0,2.4831539657688753,13
1.888150358395613,0.19660416896143046,1.6915461894341821,1.877322359427093,0.0020852845164733846,1.8752370749106193,13
0.8696452635067202,0.4589656535364316,0.41067960997028874,1.6461316625605926,0,1.6461316625605926,13
3.2847405779633227,1.3675373390376007,1.9172032389257225,1.1897544930996888,0,1.1897544930996888,13
2.189102629785505,1.2431330514955063,0.9459695782899986,2.6138373784808926,0,2.6138373784808926,13
1.8950082624737887,0.9712108466827429,0.9237974157910458,1.875849368697882,0,1.875849368697882,13
1.9857591210743204,0.7029977824037212,1.2827613386705994,1.5998678574569545,0,1.5998678574569545,13
3.1627031287759486,0.9981358997024352,2.164567229073513,1.3555189006173674,0,1.3555189006173674,13
4.863601253556832,0.8840162602946399,3.9795849932621916,2.399318228515911,0,2.399318228515911,13
1.2980310970915987,0.895600011553453,0.4024310855381457,1.5028860108852156,0,1.5028860108852156,13
3.476033472690756,1.164601771524481,2.3114317011662755,1.7121716454553282,0,1.7121716454553282,13
4.169616875595985,1.9255112020454175,2.244105673550567,1.2596894600947413,0,1.2596894600947413,13
2.1976677120952934,1.776475954051567,0.42119175804372694,1.810329453007904,0,1.810329453007904,13
4.113980089822918,2.6046179575700874,1.509362132252831,1.1900443988100857,0,1.1900443988100857,13
5.450493455241072,2.68401539837636,2.7664780568647123,1.702271742699459,0,1.702271742699459,13
2.6373131466966817,0.48927459302909965,2.1480385536675817,2.173075769515283,0.004847818730075032,2.168227950785208,13
2.4771392520517352,0.6093729708958284,1.867766281155907,2.0346054264807347,0,2.0346054264807347,13
4.472153856191433,2.7145940927831167,1.7575597634083155,2.0720632215852746,0,2.0720632215852746,13
2.0776437076168364,0.33501777758537554,1.7426259300314613,1.9072413914155861,0,1.9072413914155861,13
2.74965735011389,1.8290142482484746,0.9206431018654155,2.903624501706921,0.010570126354236042,2.8930543753526856,13
2.19864318151641,1.4498612693823867,0.7487819121340232,0.9237813571341498,0,0.9237813571341498,13
1.6297676039708295,0.06572486636656555,1.564042737604264,2.4548730145414206,0.0011545259137002994,2.453718488627721,13
0.8286412973544826,0.27071879078066924,0.5579225065738131,1.0579130859274737,0.016206308641459832,1.0417067772860138,13
1.1165749476708893,0.690098966413347,0.42647598125754216,1.1642783672753958,0,1.1642783672753958,13
3.6435043146060244,2.7438705454276113,0.899633769178413,1.3901825723075396,0,1.3901825723075396,13
2.4228276924612038,1.7670535685585154,0.6557741239026886,2.256580309007102,0,2.256580309007102,13
2.7828146760396435,1.3110070137253083,1.4718076623143346,1.9230313394969545,0,1.9230313394969545,13
3.117868303691204,2.3791193752753834,0.7387489284158206,2.1979077737172448,0,2.1979077737172448,13
3.506265585871537,1.6810834692129353,1.8251821166586013,1.194548833386671,0,1.194548833386671,13
2.492878659873779,0.6122569218485499,1.8806217380252286,1.7864689095815238,0,1.7864689095815238,13
0.7013589985291168,0.0883409796356465,0.6130180188934703,1.081020629756744,0,1.081020629756744,13
3.579131996761917,1.6834776779205802,1.8956543188413364,1.8696859774870749,0,1.8696859774870749,13
2.122555886918919,0.6832668061257282,1.4392890807931908,2.431358893838805,0,2.431358893838805,13
4.7411056566530085,3.425788884961465,1.3153167716915437,2.4236869871165805,0,2.4236869871165805,13
5.9839211425129,4.78240576047675,1.2015153820361495,2.399268643440653,0,2.399268643440653,13
2.3089302793128246,1.0019941949119529,1.3069360844008713,1.4893783184855742,0,1.4893783184855742,13
4.467797344896385,0.24792068754962032,4.219876657346765,1.9309001121472862,0,1.9309001121472862,13
3.8169091015159835,3.3504306284554577,0.4664784730605258,1.9924726519587845,0,1.9924726519587845,13
3.170896509963655,0.7395877432963076,2.431308766667347,2.1730962826582685,0,2.1730962826582685,13
3.634842359286138,1.0251926433793765,2.6096497159067615,2.0009937566947444,0,2.0009937566947444,13
1.5790598696076334,1.0321180204813802,0.5469418491262532,1.0944970196962263,0,1.0944970196962263,13
2.31517395259722,0.47276765697333056,1.8424062956238894,1.203383559424445,0,1.203383559424445,13
3.1429555896668626,1.7461902800065452,1.3967653096603168,1.2688126415297456,0,1.2688126415297456,13
3.8563667598311993,3.4258168357464682,0.43054992408473086,1.6183278063667212,0,1.6183278063667212,13
3.170616183669207,0.576406971755831,2.5942092119133755,1.7721065073215554,0,1.7721065073215554,13
5.921799946952077,3.8783104075359134,2.043489539416163,1.303552649920959,0,1.303552649920959,13
1.0805162202646688,0.6514626217032728,0.4290535985613959,1.4664544232470496,0,1.4664544232470496,13
3.5979780004026125,0.8838570789007495,2.7141209215018627,1.665450473553116,0,1.665450473553116,13
6.0395751827128255,2.820836897079724,3.218738285633101,1.7390117255268949,0,1.7390117255268949,13
1.7907308954236127,1.627097278157471,0.16363361726614137,0.7949002467948928,0,0.7949002467948928,13
2.5161826856374754,2.0172810963424976,0.4989015892949782,2.120589314442303,0,2.120589314442303,13
1.2859845999566615,0.6838476487384211,0.6021369512182405,1.9651447458999312,0.0020845892258667398,1.9630601566740642,13
2.585128024784883,1.469865261306327,1.1152627634785564,1.1338428890834942,0,1.1338428890834942,13
2.368911702782165,0.475819606160159,1.8930920966220068,1.5424991991745762,0,1.5424991991745762,13
5.817083691207074,2.995043615434163,2.822040075772911,1.0531217976412517,0,1.0531217976412517,13
2.1517384770977537,1.1216942729807506,1.0300442041170033,1.7707429455033095,0,1.7707429455033095,13
1.9611339431820638,0.6774614612271486,1.2836724819549157,1.9690149797861074,0,1.9690149797861074,13
2.9816226016555936,1.1585978744753753,1.823024727180219,1.8704560668340466,0,1.8704560668340466,13
3.301079486178877,2.933254229540643,0.3678252566382337,1.539286946711666,0,1.539286946711666,13
4.049939719030487,1.6497198942818263,2.4002198247486595,1.2951191719907174,0,1.2951191719907174,13
3.0406668499708482,1.4928731396893031,1.547793710281545,1.3461448645318892,0,1.3461448645318892,13
1.7178485328203428,0.0705313148642035,1.6473172179561393,1.0624102794927475,0,1.0624102794927475,13
3.0851931688027525,1.2187277007143311,1.866465468088421,2.089405242274557,0,2.089405242274557,13
4.109167940164868,2.419639494253556,1.6895284459113125,1.8201819197147704,0,1.8201819197147704,13
2.080887043728711,0.33140978985350816,1.7494772538752028,2.562379165743131,0,2.562379165743131,13
1.969112436964247,0.8345513508703052,1.1345610860939417,1.1766433954543336,0,1.1766433954543336,13
1.1058650449801206,0.3427992968544817,0.7630657481256389,1.2643121855788249,0,1.2643121855788249,13
4.7216355380732855,3.3211785110648657,1.4004570270084198,1.0587683633445413,0,1.0587683633445413,13
4.0454327656816895,1.994368108648574,2.0510646570331152,0.986679768994845,0,0.986679768994845,13
2.472772976406982,0.13966570098608866,2.3331072754208932,1.479064263749157,0,1.479064263749157,13
1.6985163119165114,1.0893561495743203,0.6091601623421913,2.0277408605221976,0,2.0277408605221976,13
1.1305195249911653,0.34075219668800627,0.7897673283031592,1.0115138572742892,0,1.0115138572742892,13
1.8400353604906894,1.3692390587150676,0.47079630177562193,1.0065407690554506,0,1.0065407690554506,13
3.2307280364057775,0.8950450737265944,2.3356829626791837,1.731641314200555,0,1.731641314200555,13
2.5684197505710724,0.426492621267279,2.1419271293037943,1.0106025730687986,0,1.0106025730687986,13
1.3599058803272033,0.06572486636656555,1.2941810139606378,2.617302383954291,0.009156474388648805,2.6081459095656423,13
2.723528928905374,1.7261733524875438,0.9973555764178307,2.2233193409310954,0,2.2233193409310954,13
4.5249341735542075,2.1764516671445575,2.3484825064096504,1.6059410741261597,0,1.6059410741261597,13
4.397216735863592,1.517441043044058,2.879775692819534,2.5346056523554856,0,2.5346056523554856,13
2.316845841615175,1.0169335442189857,1.2999122973961894,0.9856459270543114,0,0.9856459270543114,13
2.501456755320713,0.793727578079213,1.7077291772415002,1.0444326803690163,0,1.0444326803690163,13
3.1054076116779283,1.2480784001002005,1.857329211577728,1.1068233578305058,0,1.1068233578305058,13
3.6370900830345634,3.4491873000278743,0.18790278300668872,1.3531458246078605,0,1.3531458246078605,13
3.413296591184409,0.4749215691330451,2.938375022051364,2.737890211885876,0,2.737890211885876,13
5.2055111280992845,2.5085385665889772,2.6969725615103064,1.6381875968342516,0,1.6381875968342516,13
3.6839154816935484,2.4882027875712973,1.1957126941222511,3.5464143199230738,0.004796901643396467,3.541617418279677,13
4.115004670453542,2.0640944432852306,2.0509102271683117,0.9322899090464646,0,0.9322899090464646,13
3.8680962060733397,0.29099250530174625,3.5771037007715933,1.0565876607756237,0,1.0565876607756237,13
5.860952503637743,2.9728669880239686,2.888085515613776,1.7259199272404975,0,1.7259199272404975,13
1.903861085302099,1.19390526173447,0.7099558235676289,1.9804754457851759,0,1.9804754457851759,13
2.8538075569959447,0.8653114618729401,1.9884960951230046,2.8207574426965794,0,2.8207574426965794,13
0.7848006687358065,0.5175653959749602,0.26723527276084624,1.0793383632435998,0,1.0793383632435998,13
3.089591813861033,1.79600589940924,1.2935859144517925,1.752911229840477,0,1.752911229840477,13
3.499227327720729,1.9757121101338073,1.523515217586922,2.1743727184954964,0,2.1743727184954964,13
1.546627911632271,0.6038389825860129,0.9427889290462582,1.8187994896363464,0,1.8187994896363464,13
1.7325230920229728,0.9549640457680585,0.7775590462549146,2.5644631879974584,0,2.5644631879974584,13
1.9088427932673628,1.694953526914306,0.2138892663530566,1.138457651381262,0,1.138457651381262,13
2.777457999896946,0.6467503959425509,2.1307076039543955,1.7041230815572392,0,1.7041230815572392,13
2.0976052901278166,1.8909578333578445,0.20664745676997232,1.3608276953016392,0,1.3608276953016392,13
1.079679583021584,0.5006078784088206,0.5790717046127636,1.1177489442250277,0,1.1177489442250277,13
2.0283397969092696,1.9019665158382542,0.12637328107101553,2.1544583442320326,0,2.1544583442320326,13
1.6347795681413388,0.6923184260645181,0.9424611420768207,2.7441779894387075,0.010943670436411868,2.733234319002295,13
2.057407855496043,0.7159163955605611,1.341491459935482,0.8455640179298304,0,0.8455640179298304,13
1.4042749929371703,0,1.4042749929371703,1.172629333209667,0.007593701061379632,1.165035632148287,13
5.355220940693494,2.6840019774106554,2.6712189632828376,1.7765700055475688,0,1.7765700055475688,13
3.0113371558290862,0.5902539440037822,2.421083211825304,1.3393807851895563,0,1.3393807851895563,13
2.0358235286063255,0.8956079518085052,1.1402155767978204,2.4157362262391446,0,2.4157362262391446,13
1.5779630926124997,0.5058854425539306,1.072077650058569,0.9078934945533136,0,0.9078934945533136,13
1.8081471990298457,1.4165837496949685,0.3915634493348773,1.4323209870274034,0,1.4323209870274034,13
4.91379425004084,3.947790219739764,0.9660040303010752,4.168722865039663,0,4.168722865039663,13
1.7013875640650673,1.1224941168849478,0.5788934471801196,1.6484245791846412,0.00268329407543777,1.6457412851092035,13
2.0745075986710977,0.7255845531238629,1.348923045547235,1.1376529679883296,0,1.1376529679883296,13
2.494814707803462,0.6394862711916584,1.8553284366118032,1.2124268659641948,0,1.2124268659641948,13
1.2783387023922166,0.4842960671944459,0.7940426351977706,1.0051531909457225,0,1.0051531909457225,13
2.684247404716942,1.2841567172805224,1.40009068743642,2.5357051738550336,0,2.5357051738550336,13
2.3374190913831336,0.7268559474428897,1.610563143940244,2.0421426135241902,0,2.0421426135241902,13
2.2611018166713084,0.7123526886249733,1.548749128046335,1.1779223667662695,0,1.1779223667662695,13
4.0760129112437005,2.614092518803327,1.4619203924403736,2.936239707142442,0,2.936239707142442,13
4.346809254609253,2.0769947953118355,2.2698144592974168,2.0808103076517086,0,2.0808103076517086,13
3.237897575961197,0.8864238412268243,2.351473734734373,1.2924096592651977,0,1.2924096592651977,13
2.1797275921214423,1.0539643273596835,1.1257632647617586,1.5707870671882915,0.000750146353113712,1.5700369208351779,13
2.688722066098404,1.4030130748636982,1.285708991234706,1.1514142024890055,0,1.1514142024890055,13
2.3909245704902524,1.3709435684478648,1.0199810020423874,1.6425574636736702,0,1.6425574636736702,13
2.393969600781049,2.0132334043704816,0.3807361964105674,3.6655571840341685,0,3.6655571840341685,13
1.8295835674595873,1.739642716832308,0.089940850627279,1.515202153514271,0,1.515202153514271,13
1.4755415609914628,0.7027995518895976,0.7727420091018654,1.3459118028021628,0,1.3459118028021628,13
2.329081635219974,2.2845878513938342,0.044493783826139666,1.1810495300974417,0,1.1810495300974417,13
1.8492104727428764,0.6543454440825227,1.194865028660354,1.2509561893258605,0,1.2509561893258605,13
4.7228281054045365,0.7535751570600149,3.9692529483445207,3.2340263043215676,0,3.2340263043215676,13
2.5259741444373986,1.9476528507493638,0.578321293688035,1.1210429359709213,0,1.1210429359709213,13
1.4761953627453477,0.8715351269441101,0.6046602358012376,1.5918979064448162,0,1.5918979064448162,13
5.031322942338915,1.631483530285198,3.3998394120537165,3.3010402007429627,0,3.3010402007429627,13
1.74877931455578,1.4449150977941383,0.30386421676164144,1.4429037229459727,0,1.4429037229459727,13
4.449964240883036,2.522895897904248,1.9270683429787878,2.3570013965337355,0,2.3570013965337355,13
2.5111056389267894,1.5369882091908142,0.9741174297359749,1.5207584972348391,0,1.5207584972348391,13
2.0757554669398792,1.3543604439216839,0.7213950230181956,1.758695683535683,0,1.758695683535683,13
3.0120693336573057,2.6006568422797356,0.41141249137757,2.4725164914991087,0,2.4725164914991087,13
4.1730740848488415,2.4632200726093827,1.7098540122394588,1.2339063952162748,0,1.2339063952162748,13
2.715783394488242,1.5167365606688572,1.1990468338193851,1.2228227320204827,0,1.2228227320204827,13
3.503017302298222,2.6642210435257097,0.8387962587725126,1.603586889407711,0,1.603586889407711,13
3.8012425923617204,0.9444808570196279,2.8567617353420927,1.7171174904171622,0,1.7171174904171622,13
1.1492109271499165,0.6621789386667016,0.4870319884832148,1.1651819180808851,0,1.1651819180808851,13
1.1907087298544157,0.6515235605378575,0.5391851693165582,0.9212053048931351,0,0.9212053048931351,13
2.1396871479426665,1.9228230495231018,0.2168640984195645,0.8934944189575321,0,0.8934944189575321,13
4.867282382216292,3.978959838483873,0.8883225437324194,2.5643170915558535,0,2.5643170915558535,13
4.627193398218554,3.08953854228505,1.5376548559335037,1.8403269584122501,0,1.8403269584122501,13
1.3175387680856472,1.035984774954913,0.2815539931307343,1.0600951348302743,0,1.0600951348302743,13
2.6895527757212463,1.423640532436766,1.2659122432844803,1.5447390326061408,0,1.5447390326061408,13
2.4636308942081255,0.5204721955985145,1.9431586986096103,1.9690190430369299,0.026698810895629088,1.942320232141301,13
2.011576270805743,0.7533138137402093,1.2582624570655332,1.9955557800620003,0,1.9955557800620003,13
2.5321365662378907,1.808856295133378,0.7232802711045125,2.6614062431662617,0,2.6614062431662617,13
2.2086776246029998,0.4818401727481769,1.726837451854823,2.0636556710807916,0.013213738127904051,2.0504419329528885,13
4.854732867681406,2.849468613562726,2.0052642541186803,1.1927205098883826,0,1.1927205098883826,13
2.3754654673634983,1.4313672840770302,0.9440981832864679,4.585885839523441,0.0018677630521127808,4.584018076471327,13
1.4333344564981836,1.2915890957025393,0.1417453607956442,1.4467034707501976,0,1.4467034707501976,13
2.490087213591993,1.5037481811979854,0.9863390323940072,1.8195261961313256,0,1.8195261961313256,13
1.2349037694532146,0.24872494582717156,0.9861788236260431,1.0288480524083132,0,1.0288480524083132,13
2.784684530326218,1.0510772386566798,1.733607291669538,1.492894676771532,0,1.492894676771532,13
2.023154586177363,0.27329979969603135,1.7498547864813314,1.7683964839220552,0,1.7683964839220552,13
2.1796583141925256,0.3239241496455324,1.8557341645469936,2.568896357255877,0,2.568896357255877,13
1.0063776023503603,0.7178150475993266,0.28856255475103365,0.9219154583166682,0,0.9219154583166682,13
4.705341707261722,1.855174023547317,2.850167683714405,1.4149719160877645,0,1.4149719160877645,13
3.303902026677351,2.9502848325538125,0.35361719412353876,1.1578907507866019,0,1.1578907507866019,13
2.6748048932238033,1.50937730108241,1.1654275921413928,1.6440005931569655,0,1.6440005931569655,13
2.588082062676337,2.0723562631826065,0.5157257994937311,1.30249857122747,0,1.30249857122747,13
0.9818344608948899,0.22379437177945746,0.7580400891154324,2.4335193304649154,0,2.4335193304649154,13
3.9701446597444696,1.9195277706778922,2.0506168890665775,2.9023821312514833,0,2.9023821312514833,13
2.4632547753823384,1.655010702252889,0.8082440731294496,1.4934895953567802,0,1.4934895953567802,13
2.2461037395375643,1.0974979692604072,1.1486057702771566,1.277202187281373,0,1.277202187281373,13
3.366578335216826,0.8262175918198907,2.5403607433969353,3.151684396232757,0.0028995868206602993,3.148784809412097,13
3.4586631348412413,2.335349228664562,1.1233139061766795,1.57055943963198,0,1.57055943963198,13
1.398402479538934,0.7046762834832168,0.6937261960557177,0.9123685666183579,0,0.9123685666183579,13
3.915079379322061,3.0143979459518384,0.9006814333702226,1.777022528906524,0,1.777022528906524,13
1.3447698122419096,1.1088741027120317,0.23589570952987798,2.0882949284230694,0.0010900113286440027,2.0872049170944256,13
0.8905837467496577,0.2847095489801617,0.6058741977694959,2.4370395907068856,0.0003070206229690009,2.436732570083916,13
3.9783096991256954,3.028345053147361,0.9499646459783337,2.6698011373510244,0,2.6698011373510244,13
2.2477966120510646,0.598442994089134,1.6493536179619308,1.4097946715073162,0,1.4097946715073162,13
1.998407155714349,1.7292189516469836,0.2691882040673651,2.00422508963046,0,2.00422508963046,13
1.7924359539036825,1.1451683699453732,0.6472675839583091,2.4096037090968707,0,2.4096037090968707,13
1.628188760716097,1.5210310981904016,0.10715766252569525,1.6278681347784811,0,1.6278681347784811,13
3.1673930464437157,1.7218474051971413,1.4455456412465744,1.4974251041935411,0,1.4974251041935411,13
6.300437811192637,3.7323921452302264,2.5680456659624094,2.3347533069228157,0,2.3347533069228157,13
4.175355841970579,0.3030337443625621,3.872322097608016,2.4591479571948804,0,2.4591479571948804,13
1.9974992718517655,1.2083819951649866,0.7891172766867788,1.432108931986257,0,1.432108931986257,13
3.2283375533853054,2.685943171586935,0.5423943817983701,1.3928910623800361,0,1.3928910623800361,13
1.985195653855666,0.895079291177595,1.0901163626780712,2.7509368112276658,0,2.7509368112276658,13
2.6732597413913304,1.0221914750342183,1.651068266357112,2.3841332464933993,0,2.3841332464933993,13
4.498327752536749,3.154176733881719,1.3441510186550292,3.888961115765583,0,3.888961115765583,13
4.017231247955079,2.0074128945345535,2.0098183534205254,1.0555770167510452,0,1.0555770167510452,13
3.19934920396559,0.7495095472326805,2.449839656732909,2.3161985835501326,0,2.3161985835501326,13
1.8931628842999015,0.5025676629744612,1.3905952213254404,2.1079875792342295,0,2.1079875792342295,13
3.036180593983872,1.983142067716023,1.0530385262678492,2.4467299866566137,0,2.4467299866566137,13
3.9113436827716757,1.009751260639708,2.901592422131968,1.9301817224291287,0,1.9301817224291287,13
2.206176424924764,1.0509096595058396,1.1552667654189244,1.5676316262494658,0,1.5676316262494658,13
1.4028868390239917,0.5838862363792447,0.8190006026447468,1.454347720087186,0,1.454347720087186,13
1.436091626401281,0.4216375508990881,1.0144540755021927,1.0594975216460365,0,1.0594975216460365,13
2.3096224987787717,2.0880658957775426,0.22155660300122912,1.1339276631101405,0,1.1339276631101405,13
3.013753180518904,1.2135720905054408,1.8001810900134634,2.137019756153612,0,2.137019756153612,13
2.808878396710686,1.2390942115180474,1.5697841851926384,1.673594531083034,0,1.673594531083034,13
2.6335791861049054,1.1667670411067994,1.466812144998106,1.7452046366887466,0,1.7452046366887466,13
3.771759460269535,1.9294393938515024,1.8423200664180321,1.530720305687512,0,1.530720305687512,13
3.773407146935193,1.5291178570593276,2.244289289875865,2.0840761969086894,0,2.0840761969086894,13
5.724158129659971,3.6577549992120444,2.0664031304479273,1.8295834489566745,0,1.8295834489566745,13
2.33615824495689,0.5947892312720577,1.7413690136848317,2.5409793453276106,0,2.5409793453276106,13
2.9225355064193987,2.555305672585196,0.36722983383420255,1.9100123010570378,0.002105580557915432,1.9079067204991227,13
1.3400624466615134,0.6836532363029566,0.6564092103585568,2.198902302292189,0,2.198902302292189,13
3.4929983092063455,1.6603669962401286,1.8326313129662168,1.4946612587759973,0,1.4946612587759973,13
3.115923817237136,1.5345909011218555,1.581332916115281,2.5004650855948825,0,2.5004650855948825,13
6.052286797412039,1.247710776936084,4.804576020475955,2.5562338362632215,0,2.5562338362632215,13
3.317705168548546,0.9865133378412237,2.331191830707322,1.590827581994568,0,1.590827581994568,13
3.079432736607808,2.6008316664518305,0.47860107015597747,2.1274874695344184,0,2.1274874695344184,13
1.276092046995472,0.5556524697033953,0.7204395772920766,1.352617284516757,0,1.352617284516757,13
2.1551011725793443,0.5970878069727721,1.558013365606572,1.7791347561916377,0,1.7791347561916377,13
3.343347139701403,1.271432796057206,2.071914343644197,2.6238819501661963,0,2.6238819501661963,13
1.5900895203314045,0.6481621952751603,0.9419273250562443,1.3201678773787813,0,1.3201678773787813,13
4.010205827131902,3.300714422635539,0.7094914044963626,1.3085426253957009,0,1.3085426253957009,13
1.6990219629923446,0.6542776407107335,1.044744322281611,1.0219704420087807,0,1.0219704420087807,13
3.2675706737347183,0.41786049776373024,2.849710175970988,1.1351567341166957,0,1.1351567341166957,13
3.341370288545768,1.863215103058514,1.4781551854872539,1.332575649811981,0,1.332575649811981,13
2.1701230425229547,1.7025838645121207,0.4675391780108339,2.1356552582351536,0,2.1356552582351536,13
2.226903831498354,1.5472497381773833,0.67965409332097,1.1918672120770641,0,1.1918672120770641,13
1.0993872155327886,0.5311700859235982,0.5682171296091907,0.8908382100725111,0,0.8908382100725111,13
3.667001707206892,0.7778036681430243,2.889198039063868,1.2903649161211455,0,1.2903649161211455,13
2.405817538802836,2.217914755796149,0.18790278300668653,1.4307302029166213,0,1.4307302029166213,13
2.4680305820992046,0.8632951045392931,1.6047354775599114,2.869024346152415,0,2.869024346152415,13
2.2657795635005202,0.3030337443625624,1.9627458191379574,1.4702217927971457,0.0011110724639950553,1.4691107203331506,13
1.4893054225508233,1.1344459558869022,0.3548594666639208,1.7657396123542237,0.0008384388988558755,1.7649011734553677,13
3.8237662796542544,3.2301815004945293,0.5935847791597246,2.5498334410381283,0,2.5498334410381283,13
1.5122638225150804,1.2452880180277757,0.2669758044873045,1.5626722864271314,0,1.5626722864271314,13
3.2935399533012997,0.4427823680681696,2.85075758523313,1.4766129117454532,0,1.4766129117454532,13
2.9587171782763226,1.5863989731680295,1.3723182051082934,1.867273478034571,0,1.867273478034571,13
3.076615939321789,1.584424585759756,1.4921913535620335,1.0654292002451147,0,1.0654292002451147,13
2.7254153382575725,1.3289565563328416,1.3964587819247305,1.2916669761797983,0,1.2916669761797983,13
3.3919651810522033,2.9893677744491223,0.40259740660308085,1.548191395115386,0,1.548191395115386,13
3.4799394906416445,3.045244649200676,0.434694841440969,4.305417656326149,0,4.305417656326149,13
1.995004591561667,0.4334696288604505,1.5615349627012165,1.3691878451593131,0,1.3691878451593131,13
4.4187834027760005,2.0381837019793556,2.3805997007966453,3.5956586414149925,0,3.5956586414149925,13
4.142297914802416,2.919959296150927,1.2223386186514893,3.323030562486875,0,3.323030562486875,13
5.006909403276669,2.749833909876838,2.2570754933998316,1.1035801576508493,0,1.1035801576508493,13
1.7309493869312176,0.15903616458830838,1.5719132223429093,0.8599421710486286,0,0.8599421710486286,13
5.2836997953593094,3.2642580190198647,2.019441776339445,1.8718446401688866,0,1.8718446401688866,13
2.9250243007359424,2.5401412610913257,0.38488303964461673,1.2820842735043663,0,1.2820842735043663,13
2.923672734411395,0.8189123606077746,2.10476037380362,2.1536956286312234,0,2.1536956286312234,13
1.3155173327021816,0.7968456781511178,0.5186716545510637,2.5646460541014218,0,2.5646460541014218,13
2.194600967093882,0.861275362084045,1.3333256050098377,1.4934781452030081,0,1.4934781452030081,13
3.239581231629278,0.9021487802597807,2.337432451369497,2.4543690519921517,0,2.4543690519921517,13
2.5892959518449032,0.9779560111725487,1.6113399406723543,3.8354754899422994,0,3.8354754899422994,13
3.5811727681985106,0.6742047892178553,2.9069679789806555,1.1689098187411175,0,1.1689098187411175,13
4.188772805725827,2.7942637317506396,1.3945090739751875,1.4082259802761299,0,1.4082259802761299,13
1.9866155852970424,0.7632796064091413,1.2233359788879012,1.7532380932616705,0,1.7532380932616705,13
3.40268277711367,2.1316587552596418,1.2710240218540276,1.304237024300118,0,1.304237024300118,13
2.3694581519289573,0.7698713530968396,1.599586798832118,2.196648910414171,0,2.196648910414171,13
2.6004539744871455,0.27890504783702974,2.3215489266501157,1.045925047848601,0,1.045925047848601,13
2.7092683333100793,0.48078327572286883,2.22848505758721,2.65862486804726,0.01108169306086823,2.6475431749863914,13
3.161835187990265,1.252921556514865,1.9089136314754,1.3691838401815817,0,1.3691838401815817,13
3.533184604346604,1.998733810489184,1.5344507938574206,2.0436573104439244,0,2.0436573104439244,13
3.3668042998614265,2.052161871833389,1.3146424280280375,2.125115877775465,0.0018108870110268849,2.1233049907644377,13
2.9274252214142193,1.7101712400707934,1.217253981343426,1.9594595242688457,0,1.9594595242688457,13
3.144683963065438,1.6124276887770725,1.532256274288366,1.38273592843658,0,1.38273592843658,13
5.1320777687488555,2.114309372687911,3.0177683960609443,1.3295481668898885,0,1.3295481668898885,13
2.637650947049257,1.5325595369019824,1.1050914101472753,3.4485514770074808,0,3.4485514770074808,13
2.957272232380658,0.9802600590144248,1.9770121733662334,1.2628317826223445,0,1.2628317826223445,13
2.6663572108796183,2.043942613806618,0.6224145970729997,1.5323665499179382,0,1.5323665499179382,13
1.9214730645085794,0.26947072787786785,1.6520023366307113,0.9635790748644121,0,0.9635790748644121,13
5.711220906437542,3.0343478785526,2.6768730278849406,2.766362003250291,0,2.766362003250291,13
3.491517083804663,2.2486898804451054,1.2428272033595578,2.4859353242828957,0,2.4859353242828957,13
2.8768485159695167,1.9962177623191248,0.8806307536503922,1.506654689834901,0,1.506654689834901,13
1.9143082398821147,0.8089726689551676,1.1053355709269472,1.4030115874643219,0,1.4030115874643219,13
2.9536522722576986,0.8497772154992558,2.1038750567584437,1.5058787835252623,0,1.5058787835252623,13
3.133000104639286,2.0953275384384105,1.037672566200876,1.8908079835801193,0,1.8908079835801193,13
4.666624290123815,3.417580956085065,1.2490433340387506,1.8984389277983074,0,1.8984389277983074,13
2.8555880873070745,0.6776303223041706,2.177957765002904,1.7383758295083118,0,1.7383758295083118,13
4.329956313985681,3.1044019360613913,1.22555437792429,2.5876176690238295,0,2.5876176690238295,13
3.2123736213856393,2.162086494887234,1.050287126498406,1.3098352216750027,0,1.3098352216750027,13
4.343791910178339,2.4580812810870505,1.885710629091289,2.8451385723483207,0,2.8451385723483207,13
4.20180960537879,1.8022967430424315,2.3995128623363593,2.0865098335615606,0,2.0865098335615606,13
3.08865611416993,0.23652058525655675,2.852135528913373,1.3814367352451158,0,1.3814367352451158,13
3.050594584607702,1.582390803404544,1.4682037812031583,1.7306202556545407,0,1.7306202556545407,13
2.7568081991649764,1.1792930057306081,1.5775151934343685,1.598818279264121,0,1.598818279264121,13
1.1328149749107175,0.7779224045907664,0.354892570319951,1.0487594664189657,0,1.0487594664189657,13
3.462349529770311,2.4754300940326153,0.9869194357376958,1.5682283980498206,0,1.5682283980498206,13
1.9177041251034401,0.07437116421989566,1.8433329608835445,0.88362892310091,0,0.88362892310091,13
3.5028937508479765,3.342313065658859,0.16058068518911778,3.1890277724439287,0,3.1890277724439287,13
1.3846897936164255,0.20095985470834832,1.183729938908077,1.4221739602260743,0,1.4221739602260743,13
4.149326865308193,1.771144502897599,2.3781823624105938,1.3948944781308166,0,1.3948944781308166,13
2.6917872919357393,2.1681132970180608,0.5236739949176787,2.251339549820459,0,2.251339549820459,13
3.0311908595264465,0.8079408994536885,2.223249960072758,1.7293814774689553,0,1.7293814774689553,13
5.251956384107995,3.978938699714756,1.2730176843932386,1.5622696276889072,0,1.5622696276889072,13
3.0299534551942955,1.08078570434706,1.9491677508472354,3.1770512128996904,0,3.1770512128996904,13
1.7453511288510875,1.1397749972114808,0.6055761316396063,1.725775159953941,0,1.725775159953941,13
2.036708434180842,1.4947456496646838,0.5419627845161582,2.276357591459208,0,2.276357591459208,13
3.1641804169318535,2.327591823872323,0.8365885930595307,1.8854952071284024,0,1.8854952071284024,13
2.2595893150862616,0.7966958487993459,1.4628934662869153,2.3885532705688934,0,2.3885532705688934,13
3.1340961636866185,1.760297762379491,1.3737984013071276,1.2872585125887257,0,1.2872585125887257,13
1.5826248677597714,0.6668712635177091,0.9157536042420623,1.9083368323167436,0,1.9083368323167436,13
2.44546213966995,1.0496054037859401,1.39585673588401,2.790006640012291,0,2.790006640012291,13
1.994608777210865,0.9276218754078279,1.0669869018030373,2.0897423983455266,0.008592545392079376,2.081149852953447,13
3.021564595525695,1.566897011766667,1.4546675837590282,1.9908646769675773,0,1.9908646769675773,13
1.3456745605319687,0.5586880689530466,0.7869864915789219,2.765305143085749,0,2.765305143085749,13
1.8895851044750298,0.6275671308480608,1.262017973626969,1.2128979159700963,0,1.2128979159700963,13
1.1763876550101946,0.8548116571563513,0.32157599785384317,0.9928781684840247,0,0.9928781684840247,13
2.4438853074466973,0.8691989362989244,1.5746863711477723,1.526499874623715,0,1.526499874623715,13
1.2586804508001403,0.5390163990118892,0.7196640517882513,0.820241253916491,0,0.820241253916491,13
4.069908783883408,2.038801451191241,2.031107332692167,2.8119090568855043,0,2.8119090568855043,13
3.426576836821299,1.5227054120222925,1.903871424799006,1.384575266578286,0,1.384575266578286,13
1.651372889583933,1.1161876067096728,0.5351852828742605,1.1098270734389761,0,1.1098270734389761,13
3.7327364618906897,0.570911197895897,3.1618252639947926,1.847229688692775,0,1.847229688692775,13
1.9581344257752242,0.7233222177685533,1.2348122080066708,1.4657622916885547,0,1.4657622916885547,13
2.026852934470603,0.6124567215636767,1.4143962129069267,1.0544093599167699,0,1.0544093599167699,13
2.8260795607469973,1.6434237190834453,1.1826558416635522,1.570327194541173,0,1.570327194541173,13
2.2184463162979293,0.9621813771608392,1.2562649391370904,3.2287397599434224,0,3.2287397599434224,13
3.673354537510071,1.5881314227437442,2.0852231147663276,2.002649465507644,0,2.002649465507644,13
2.623425960281117,0.7157625663741146,1.9076633939070025,2.3977647361425567,0,2.3977647361425567,13
2.4564018270121526,0.49329787746641934,1.9631039495457334,1.2222233188403,0,1.2222233188403,13
2.2425376754567834,0.8460712411721146,1.3964664342846689,1.047491401668681,0,1.047491401668681,13
6.022416700082022,2.786539090985907,3.235877609096116,1.089502629215373,0,1.089502629215373,13
2.7131508797916104,1.67760322720022,1.0355476525913905,3.0132775793085322,0,3.0132775793085322,13
3.870528598567378,3.014323564459114,0.8562050341082641,1.6048045563593825,0,1.6048045563593825,13
2.5753952709520664,1.2581004843289363,1.3172947866231306,3.447448717105148,0.006855022361898583,3.4405936947432494,13
3.1092697238029974,3.019584454544142,0.08968526925885598,3.1859083328179385,0,3.1859083328179385,13
1.2363680393027505,1.095732830576535,0.1406352087262156,0.9444841907631734,0,0.9444841907631734,13
5.054534905852941,2.790881354066415,2.2636535517865264,1.0756931330840274,0,1.0756931330840274,13
1.919975703411342,1.3741667628091427,0.5458089406021996,1.4077955021688153,0,1.4077955021688153,13
3.5768788222718584,0.7639104994499504,2.812968322821908,5.102977926176278,0,5.102977926176278,13
2.18621391220495,0.99734140494315,1.1888725072617998,1.713496789006939,0,1.713496789006939,13
1.9594764915881298,0.4871403490622603,1.4723361425258696,1.4866933062750447,0,1.4866933062750447,13
2.580917453566676,0.7337847812365438,1.8471326723301322,2.9009304871625536,0,2.9009304871625536,13
1.245541709956875,0.42978326052714555,0.8157584494297293,0.853433647431767,0,0.853433647431767,13
3.1687158861276767,1.7093392538830856,1.4593766322445911,2.2941390854779393,0,2.2941390854779393,13
3.5933798754262853,2.6744043927790586,0.9189754826472264,1.7307903182509061,0,1.7307903182509061,13
1.9086205251144466,1.127400207494976,0.7812203176194702,1.2673696533653374,0,1.2673696533653374,13
3.5047850204696243,2.1962737955309923,1.3085112249386315,1.035141928470101,0,1.035141928470101,13
2.3926515438614904,2.021097480089642,0.37155406377184846,1.583385344552879,0,1.583385344552879,13
1.7614428082893243,0.7281977660312781,1.0332450422580464,1.1708253992520405,0,1.1708253992520405,13
1.2323009317945695,0.591122731203466,0.6411782005911038,1.5142643940266571,0,1.5142643940266571,13
2.5560118873933755,1.2372545833778572,1.318757304015518,2.4042729042482285,0,2.4042729042482285,13
3.166408601566931,2.12094747787612,1.045461123690811,1.5682952528513616,0,1.5682952528513616,13
3.1157144188667276,0.9887324005547392,2.1269820183119883,2.959361796633103,0,2.959361796633103,13
3.994281235045751,2.451140566923834,1.5431406681219157,3.8900332633562815,0,3.8900332633562815,13
4.230299612994505,1.9758592956196708,2.254440317374835,2.1671929272506887,0,2.1671929272506887,13
2.866322230984667,1.1271207578658742,1.739201473118793,1.5678648257433518,0,1.5678648257433518,13
4.393730045784991,3.9255489544409663,0.46818109134402447,4.112992050599864,0,4.112992050599864,13
3.988607716411402,2.153921481484521,1.8346862349268813,1.4025411519680846,0,1.4025411519680846,13
2.2135167518128496,0.3419952198703158,1.8715215319425336,2.4186125632931357,0,2.4186125632931357,13
1.491453173230838,0.44465547800274263,1.0467976952280957,2.535788901564757,0,2.535788901564757,13
2.134519779565965,0.6308074784750737,1.5037123010908915,1.2315647026012222,0,1.2315647026012222,13
2.499566806800897,2.280545786282477,0.21902102051841987,1.0688727049789315,0,1.0688727049789315,13
2.9365516803172915,0.4605612794213707,2.475990400895921,1.643553882287586,0,1.643553882287586,13
3.603256517837149,1.733470984104677,1.8697855337324722,1.2318994626961106,0,1.2318994626961106,13
3.684670756588368,2.34710746092817,1.3375632956601975,3.918242774838011,0,3.918242774838011,13
3.3791146118603352,0.48185193992863395,2.8972626719317014,1.0136604313897262,0,1.0136604313897262,13
2.5832318323255508,1.8359292203621536,0.7473026119633973,1.1515303887428472,0,1.1515303887428472,13
3.147807704286221,2.0655772552550022,1.0822304490312185,1.1996543138128062,0,1.1996543138128062,13
2.654114414293079,1.8562657149314656,0.797848699361613,1.4915432903435752,0.0020806836106692095,1.489462606732906,13
3.7281175328411056,3.1604698101039346,0.5676477227371708,1.9423052991350929,0,1.9423052991350929,13
4.878458016294206,4.2454998375649815,0.6329581787292249,1.3905279603299856,0,1.3905279603299856,13
4.865380966556726,1.8844884740632613,2.980892492493465,1.3547044588105137,0,1.3547044588105137,13
2.09126944402208,1.5317151271055043,0.5595543169165755,1.2572829054523968,0,1.2572829054523968,13
1.8155729322556122,1.570025216260889,0.24554771599472325,0.9746845064035419,0,0.9746845064035419,13
3.5850194527577046,2.053351006216498,1.531668446541207,2.301505558975821,0,2.301505558975821,13
1.9516264916293964,0.10888655717397952,1.842739934455417,3.497628076384095,0.021926954018387235,3.4757011223657077,13
2.5349289427568515,1.540254927048652,0.9946740157081992,1.915650091411583,0,1.915650091411583,13
4.673396585955762,2.3363798614258844,2.337016724529877,2.2219739419098254,0,2.2219739419098254,13
6.0190000314167005,4.118091396803829,1.900908634612872,3.7110980272797973,0,3.7110980272797973,13
2.395216315473153,0.9637144471947792,1.4315018682783738,1.2257541293988026,0,1.2257541293988026,13
3.35700984263137,1.5302422069339272,1.8267676356974427,1.5735838534840945,0,1.5735838534840945,13
6.158991681841739,2.9103033898118555,3.2486882920298825,3.550146886143934,0,3.550146886143934,13
1.6748914910979065,0.7665795010870508,0.9083119900108558,1.0661950190287823,0,1.0661950190287823,13
2.3653920034427762,0.5456689633951302,1.819723040047646,1.9806100473720867,0,1.9806100473720867,13
2.9131687499863084,1.599775920110084,1.313392829876224,2.4994931606227,0,2.4994931606227,13
1.7757924447429256,0.089940850627279,1.685851594115647,1.4622740647843422,0,1.4622740647843422,13
2.3117024825138506,1.234156322336378,1.0775461601774725,2.77176051466371,0,2.77176051466371,13
1.7659070075949979,0.7928213081464691,0.9730856994485286,1.71677800195972,0,1.71677800195972,13
3.5079349734994043,2.1526653702198777,1.3552696032795262,1.165700305493523,0,1.165700305493523,13
1.6417886697006285,0.6858199287731305,0.955968740927498,1.6504694934221602,0,1.6504694934221602,13
4.257746959115783,1.8572263750123295,2.4005205841034534,1.3021088001468346,0,1.3021088001468346,13
2.254984650857799,0.9768129626347063,1.2781716882230931,1.678165343576074,0,1.678165343576074,13
2.247946166596212,0.5757823583715727,1.6721638082246395,0.8688426969421537,0,0.8688426969421537,13
5.668453742994921,3.381753822931147,2.286699920063774,3.1620258577098,0,3.1620258577098,13
1.090143164802817,0.7158995109507675,0.3742436538520494,0.8319185896421237,0,0.8319185896421237,13
4.10086369433282,1.0117192583293353,3.089144436003485,1.5470796299798932,0,1.5470796299798932,13
2.185252825428621,0.9870281608528886,1.1982246645757326,2.329816082098561,0,2.329816082098561,13
3.496602921764454,2.389051877006373,1.1075510447580816,3.8322709542607085,0.010838142024669928,3.8214328122360377,13
1.6041668872565722,0.5974352222240393,1.0067316650325326,2.5815596993578747,0.018858816091334663,2.56270088326654,13
4.680764762565643,3.552066379291787,1.1286983832738557,4.4866597258808225,0,4.4866597258808225,13
2.3211631862603057,1.4169044473778338,0.9042587388824721,1.0903858513176017,0,1.0903858513176017,13
2.8093254231861913,1.3325568200434361,1.4767686031427552,1.907014997610057,0,1.907014997610057,13
2.23358641696553,0.6889959104422965,1.5445905065232335,2.0807601574434353,0,2.0807601574434353,13
3.19484956308793,0.42874484561922344,2.7661047174687066,1.8237462247910134,0,1.8237462247910134,13
2.826588674779592,0.5133482322702443,2.3132404425093473,1.8868232470174613,0,1.8868232470174613,13
3.019751028159529,2.292588554475853,0.7271624736836757,1.451225813034568,0,1.451225813034568,13
2.1383612084932055,0.9629127082067646,1.1754485002864408,1.6088594444563067,0,1.6088594444563067,13
2.5482458542745223,1.6167956480475607,0.9314502062269617,2.972130211371703,0.0029434568414627993,2.96918675453024,13
1.9497711450737176,0.3030337443625624,1.6467374007111553,1.2993468346962542,0.0037708543884473755,1.2955759803078069,13
6.032081856840893,2.272592368805883,3.75948948803501,1.9233710025012607,0,1.9233710025012607,13
0.8486948526669992,0.5779600936679147,0.27073475899908456,1.210277186514163,0,1.210277186514163,13
3.9147426468848994,1.5368751136529326,2.3778675332319668,1.384850079363483,0,1.384850079363483,13
1.1604830166452984,0.18790278300668653,0.972580233638612,2.3633444354674915,0.004628976967885223,2.3587154584996064,13
2.302083730829934,0.5161579179281764,1.785925812901757,1.755816467519299,0,1.755816467519299,13
3.8319539321906704,1.404815496299269,2.4271384358914014,1.4913098610253581,0,1.4913098610253581,13
3.6722715334664335,0.48531026722360415,3.1869612662428293,1.1692854024945682,0,1.1692854024945682,13
2.3235994581833577,1.014476322644341,1.309123135539017,2.065673364765244,0,2.065673364765244,13
0.9248522650761257,0.35740035927325325,0.5674519058028725,1.1703814613685102,0,1.1703814613685102,13
2.213882542443348,0.7253653928374997,1.488517149605848,1.6025581014435168,0,1.6025581014435168,13
3.5547021605250757,2.4796537049679905,1.0750484555570852,1.2771415328310254,0,1.2771415328310254,13
4.724890450334512,1.7521030133178654,2.9727874370166463,1.970909064150737,0,1.970909064150737,13
3.51193415045409,0.6906245816306429,2.821309568823448,2.916006232085885,0,2.916006232085885,13
2.489246326450379,2.0880277541491825,0.4012185723011964,1.585161028868171,0,1.585161028868171,13
4.731803385204407,2.8328349419377226,1.8989684432666847,2.69780366762852,0,2.69780366762852,13
3.1690216144120775,1.0686771413129375,2.10034447309914,2.3539303792931023,0,2.3539303792931023,13
1.6744624002108277,0.3535211783437767,1.320941221867051,2.2716657483589304,0,2.2716657483589304,13
3.8367240955146604,2.445704126979719,1.3910199685349416,1.9704708431118205,0,1.9704708431118205,13
2.963089109185853,1.6821847406542922,1.28090436853156,3.2715150457055637,0,3.2715150457055637,13
2.9232458601319276,1.4590320919502384,1.4642137681816894,2.1662523030123935,0,2.1662523030123935,13
2.402303122536453,0.044493783826139666,2.357809338710313,1.2154593189337257,0,1.2154593189337257,13
2.8689841082462113,0.8423738049096265,2.0266103033365854,3.774334300465201,0.003911441570375901,3.7704228588948254,13
1.0326953939438899,0.3349679386416274,0.6977274553022625,0.9623336436960392,0,0.9623336436960392,13
5.9843801466537325,2.120839524396428,3.8635406222573048,2.2776752601605725,0,2.2776752601605725,13
2.5429677668206936,1.553184743433945,0.9897830233867486,1.292200943453484,0,1.292200943453484,13
2.307838110470279,0.5533340845696414,1.7545040259006373,1.6260325148395431,0,1.6260325148395431,13
2.5911147685957077,0.5953121145477427,1.9958026540479652,3.3349729555961853,0,3.3349729555961853,13
3.5395222185710358,1.2087587240171414,2.3307634945538944,2.797821986173928,0,2.797821986173928,13
1.7365249003771297,0.524065319422648,1.2124595809544818,1.9036280746780887,0,1.9036280746780887,13
5.4847163162096395,3.318199265663882,2.166517050545757,1.5552212315062968,0,1.5552212315062968,13
3.927944139702344,1.90209750513944,2.0258466345629045,2.2357087977619883,0,2.2357087977619883,13
4.833300867656169,3.2414241228137133,1.5918767448424544,2.1126497352013334,0,2.1126497352013334,13
1.5363506418929191,1.1753672454221962,0.36098339647072314,1.6169157167830561,0,1.6169157167830561,13
1.8111985559257517,0.5797304676983086,1.231468088227443,1.2635859419919262,0,1.2635859419919262,13
3.3644115987973993,2.207030948298022,1.1573806504993773,1.4302946239524101,0,1.4302946239524101,13
2.0568482853524817,1.1624735822792447,0.894374703073237,3.6403316699650947,0.011162335933834672,3.6291693340312605,13
3.0853484523440575,2.365347706088501,0.7200007462555569,1.5145123960719853,0,1.5145123960719853,13
1.9439215005474928,1.1019520364396835,0.8419694641078092,1.2990730862250064,0,1.2990730862250064,13
3.024203545722746,1.4774061154528593,1.5467974302698866,2.4849676403791805,0,2.4849676403791805,13
3.3672553569570884,1.4773938525187158,1.8898615044383722,1.6711176101961336,0,1.6711176101961336,13
3.3533155873836504,2.4348486454628073,0.9184669419208432,1.460288995772959,0,1.460288995772959,13
3.4561942059041106,2.887945627775534,0.5682485781285771,1.2539758035064332,0,1.2539758035064332,13
2.2365374974255836,1.540093056590873,0.6964444408347108,1.1723642218982622,0,1.1723642218982622,13
1.8696092467075818,0.7695540196875464,1.1000552270200352,1.173234002436506,0,1.173234002436506,13
1.9822919826974825,0.6449208396307547,1.3373711430667279,3.0053698982892945,0,3.0053698982892945,13
2.053668878853597,0.9512474580724013,1.1024214207811958,1.6620891687569297,0,1.6620891687569297,13
3.804292671241111,2.012328952887346,1.791963718353765,2.0706979832456183,0,2.0706979832456183,13
2.2815536462900416,1.1403893839315618,1.1411642623584801,1.62033545138235,0,1.62033545138235,13
1.462679331929733,1.244761051521568,0.21791828040816522,0.9503270249808566,0,0.9503270249808566,13
4.150860508651839,0.9322658756135473,3.218594633038291,2.7555687827209914,0,2.7555687827209914,13
2.7432956338674708,0.2633662470815974,2.4799293867858734,1.1398565252744726,0,1.1398565252744726,13
3.5658599936283193,1.4575923400676911,2.108267653560629,2.4618389303066683,0,2.4618389303066683,13
2.7525815754121523,0.5759440891119225,2.1766374863002302,2.2778126375033407,0,2.2778126375033407,13
3.057000315545353,0.4936106687217771,2.563389646823576,1.3891987459101842,0,1.3891987459101842,13
4.661155644334464,1.3939162523242352,3.2672393920102287,2.285480190945456,0,2.285480190945456,13
4.593856131326319,2.082419815905551,2.5114363154207684,2.5964429744064246,0,2.5964429744064246,13
1.9284762235855302,0.5176032616933812,1.4108729618921492,1.108884046460304,0,1.108884046460304,13
3.3695208539397905,1.2910799001777753,2.0784409537620157,1.7290327047609184,0,1.7290327047609184,13
4.673990358593504,3.9335230147277476,0.7404673438657561,2.2588361249537163,0,2.2588361249537163,13
3.562491179750307,0.3833860469239383,3.179105132826369,2.2142336815769377,0.002881265827027746,2.21135241574991,13
2.7628710601710735,1.3190281295729327,1.4438429305981408,2.362208277214771,0,2.362208277214771,13
1.8903827714421642,1.796827784468031,0.09355498697413295,1.1678398065789093,0,1.1678398065789093,13
3.221134236719905,0.9504265114544299,2.270707725265475,3.0283774730280486,0,3.0283774730280486,13
3.5234848184981167,0.9322228458849292,2.5912619726131876,1.200937765440716,0,1.200937765440716,13
4.292906737993303,1.844117858799547,2.448788879193757,2.9179677039145893,0,2.9179677039145893,13
2.7685355343491476,0.6932567479244339,2.0752787864247138,1.712730544817389,0,1.712730544817389,13
4.539004086865936,1.238347287696331,3.300656799169604,1.463488540160685,0,1.463488540160685,13
2.170329023224834,0.46300518969567195,1.7073238335291614,1.4666452482425838,0,1.4666452482425838,13
2.6212003031928695,0.57782234019534,2.0433779629975284,1.6566635790483768,0,1.6566635790483768,13
2.0921246238977473,0.8864145602560494,1.2057100636416977,1.1048260399239056,0,1.1048260399239056,13
2.5764760699038884,1.8576554542233104,0.7188206156805778,2.8958729488484303,0.011396810113213057,2.8844761387352174,13
5.367670410159454,3.163996146093462,2.2036742640659925,2.952963393103343,0,2.952963393103343,13
4.028769658436481,2.1033738298519493,1.9253958285845323,1.2437811594055872,0,1.2437811594055872,13
3.033866769395583,0.18562664783647748,2.848240121559105,2.1773882855915505,0,2.1773882855915505,13
1.43229625115104,0.702789839623716,0.7295064115273235,2.827451239765856,0,2.827451239765856,13
2.427914651860906,1.1729147666539284,1.2549998852069777,1.3774793579845117,0,1.3774793579845117,13
2.6268364616963664,0.3697514712080138,2.2570849904883525,1.2588097758637873,0,1.2588097758637873,13
1.4904376438942846,0.6911369247498083,0.7993007191444761,1.0899516231047435,0,1.0899516231047435,13
2.654712171481928,0.9558060070442643,1.6989061644376635,1.5200264842263527,0,1.5200264842263527,13
4.142674168882826,1.7601835566641808,2.3824906122186453,1.4494499935187062,0,1.4494499935187062,13
1.888615993162958,1.618871291563662,0.26974470159929587,1.1239109560259513,0,1.1239109560259513,13
3.84533612960131,1.1493392206021835,2.6959969089991267,1.503102708141058,0,1.503102708141058,13
2.406684735710039,1.9690987129269968,0.43758602278304226,1.258810515856379,0,1.258810515856379,13
0.8680875896111502,0.7652563830727335,0.10283120653841674,1.9038792887063583,0,1.9038792887063583,13
2.5340182057362526,1.6138493270423293,0.9201688786939233,1.4933310097819514,0,1.4933310097819514,13
1.9670416922388978,0.8765541155186998,1.0904875767201978,3.52623016341893,0,3.52623016341893,13
4.899839144340905,1.54132561291047,3.358513531430434,1.4373039128059135,0,1.4373039128059135,13
2.8372143147258306,1.631723830768427,1.2054904839574034,1.5720385002762185,0,1.5720385002762185,13
2.9048193262064474,1.4761673730376188,1.428651953168829,1.5444449901966455,0,1.5444449901966455,13
5.632432096435379,3.157334765977306,2.4750973304580732,1.9591472982136198,0,1.9591472982136198,13
2.4731607628959402,0.4701653119406806,2.0029954509552597,1.258415032641989,0,1.258415032641989,13
6.122499291857655,3.6232607712283835,2.4992385206292713,1.5386616640176833,0,1.5386616640176833,13
3.178399129734969,1.151100047440404,2.027299082294565,1.6632325934447953,0,1.6632325934447953,13
1.6167165740210143,1.5722227901948747,0.044493783826139666,0.7986293487740508,0,0.7986293487740508,13
1.2893407495270492,0.03503906655502073,1.2543016829720284,1.312316225623511,0,1.312316225623511,13
2.1547843397261084,0.1373626307792599,2.0174217089468485,2.303775448333267,0.0137786377546803,2.2899968105785864,13
1.5094561739373942,0.5300949562520579,0.9793612176853366,1.4169319773889828,0,1.4169319773889828,13
3.431607319974708,0.9447054317721062,2.4869018882026017,1.7902062776337244,0,1.7902062776337244,13
1.7055305791441622,1.462725653891305,0.24280492525285752,2.259780830655541,0,2.259780830655541,13
2.1546697382331175,1.0160843057091533,1.138585432523964,1.8895732690677391,0,1.8895732690677391,13
1.3661450112683853,0.9811788940962067,0.384966117172179,1.3262522981609814,0,1.3262522981609814,13
4.242958346529056,1.1945564020128163,3.048401944516241,1.0345147373332246,0,1.0345147373332246,13
1.5323432539490975,0.995596305993183,0.5367469479559145,1.293933812781158,0,1.293933812781158,13
2.0546352113256647,1.5079693486912078,0.5466658626344574,1.2654902910469494,0,1.2654902910469494,13
2.2994156069281755,1.5937077525576848,0.7057078543704904,2.9904119390112314,0,2.9904119390112314,13
1.634883788300921,0.6080576216445533,1.0268261666563678,3.2484979692540747,0.04445619064392542,3.204041778610149,13
1.7035780345165985,0.7927176305352809,0.910860403981317,1.3452840166719144,0,1.3452840166719144,13
5.403878539107035,2.1860420518109374,3.217836487296098,1.9413688635465034,0,1.9413688635465034,13
3.4671546051641102,3.160955639130733,0.3061989660333766,2.950432396910275,0,2.950432396910275,13
5.3064778180392,3.576381277005706,1.7300965410334945,1.7460023851194193,0,1.7460023851194193,13
2.7293955273103636,0.7559592115738948,1.973436315736469,2.6433123907564475,0,2.6433123907564475,13
2.8217203742075085,1.4509391952743282,1.3707811789331803,1.3522968590136988,0,1.3522968590136988,13
3.7725836295523334,1.064059424993586,2.708524204558748,1.820006378758753,0,1.820006378758753,13
2.3215242385345123,1.1580326887541497,1.1634915497803626,0.7926585106017574,0,0.7926585106017574,13
2.8451939869544,0.4849291730895049,2.3602648138648954,2.736687393216227,0,2.736687393216227,13
1.9069288032587455,0.26739509816969403,1.6395337050890513,0.9275002086930143,0,0.9275002086930143,13
1.5410814846305905,1.5410814846305905,0,1.3402921103357879,0,1.3402921103357879,13
3.819818576365165,2.458376639898243,1.3614419364669215,1.9545967660297152,0,1.9545967660297152,13
3.7550011846865594,2.416513576647155,1.3384876080394044,1.9411419944401243,0,1.9411419944401243,13
1.9517774603256215,0.09795915909598588,1.8538183012296359,1.5202556913272334,0,1.5202556913272334,13
2.9803247100601147,1.337494906675769,1.6428298033843456,1.772315303448483,0,1.772315303448483,13
4.696131395969195,3.0133347791218186,1.6827966168473754,1.8247280553816503,0,1.8247280553816503,13
0.8005009077774694,0.39824133656530614,0.4022595712121632,2.7392239424947302,0.08189905872990416,2.657324883764826,13
2.8073566168494035,1.4680676314433418,1.3392889854060617,1.847153830865678,0,1.847153830865678,13
5.131480794217448,1.5323448061749478,3.599135988042499,2.343617071205262,0,2.343617071205262,13
3.216359740604347,2.6002891315057326,0.6160706090986143,1.503308888329404,0,1.503308888329404,13
1.4684456962685637,0.37157807360198675,1.0968676226665766,3.6025902383444874,0.009871689963792951,3.5927185483806947,13
3.4095648956558016,1.3499001450891284,2.059664750566674,1.6897271379522572,0,1.6897271379522572,13
5.805805977678375,3.6759389121508947,2.1298670655274807,2.7065275134112525,0,2.7065275134112525,13
3.3046404779100387,2.0287174554383625,1.2759230224716767,1.7580267216799168,0,1.7580267216799168,13
1.1594888900092162,0.04481413212141372,1.1146747578878022,1.2408205319197738,0,1.2408205319197738,13
3.0365866022646757,2.147440698060435,0.8891459042042407,3.5453325648703498,0,3.5453325648703498,13
2.6323226444520014,1.5279804856043837,1.1043421588476172,3.2157238447326257,0,3.2157238447326257,13
5.448798344286439,2.353305752812884,3.0954925914735556,1.5143664113513637,0,1.5143664113513637,13
2.5682899605502123,0.9646571591266166,1.6036328014235957,1.3107707537001545,0,1.3107707537001545,13
5.509091001689079,4.233705338089845,1.2753856635992347,2.1957075421416827,0,2.1957075421416827,13
2.2597819382508155,1.8846075903601833,0.3751743478906322,2.5379117212312057,0.0013072881060755548,2.53660443312513,13
2.3193200440625503,1.757370951125537,0.5619490929370132,2.105271507062131,0,2.105271507062131,13
2.8994971028248786,1.1527790498703103,1.746718052954568,2.686477007703975,0.029677795226275117,2.6567992124777,13
2.1008836775084916,1.639403452772574,0.46148022473591743,1.0121523138532715,0,1.0121523138532715,13
2.4556645094377227,0.044493783826139666,2.4111707256115826,1.624465437648967,0,1.624465437648967,13
2.2269084352599897,1.5513141885246933,0.6755942467352969,2.292028762309171,0,2.292028762309171,13
2.7484864964965032,1.3635257507557004,1.384960745740803,1.983800099675657,0,1.983800099675657,13
3.1790538939233324,0.5553483259670952,2.623705567956237,3.1470181630169685,0,3.1470181630169685,13
1.2197664648301065,0.6272189081287369,0.5925475567013696,1.1477176499278527,0,1.1477176499278527,13
3.5861463374323512,0.7437743343065522,2.8423720031257993,2.325310800719956,0,2.325310800719956,13
1.2469533326874163,0.7839388657794009,0.4630144669080152,1.002586874225698,0,1.002586874225698,13
2.9824826527939847,0.6527379413939036,2.329744711400081,1.1852605351887553,0,1.1852605351887553,13
4.115643221377964,2.045872559632987,2.069770661744977,2.3941234609293423,0,2.3941234609293423,13
4.601003476736093,0.9147933950829743,3.6862100816531194,2.122929237550673,0,2.122929237550673,13
4.723513628040866,2.441622666870158,2.2818909611707077,1.7642084362677544,0,1.7642084362677544,13
1.4651521586622247,0.8701575173551095,0.5949946413071152,1.5799607710733878,0,1.5799607710733878,13
3.072579069005133,1.680363695841917,1.3922153731632152,1.1993532239970706,0,1.1993532239970706,13
1.2458522029623926,1.0689763483162165,0.17687585464617608,1.2174168560481822,0,1.2174168560481822,13
5.060597328834135,1.5896032683662575,3.4709940604678753,2.708602424637933,0,2.708602424637933,13
3.3813650256167485,1.285222032335461,2.096142993281287,3.0346945383192674,0,3.0346945383192674,13
1.7131109217426317,0.6287171914767875,1.0843937302658442,1.0871060157455732,0,1.0871060157455732,13
2.100200134396542,0.3030337443625621,1.7971663900339796,1.4137803693297186,0,1.4137803693297186,13
4.782363960275413,3.030945847506334,1.7514181127690795,1.2671078338181054,0,1.2671078338181054,13
1.8250245598749417,0.46187188537986595,1.3631526744950755,1.7340646099639605,0,1.7340646099639605,13
2.755758116927932,1.1240584851358417,1.63169963179209,1.9623236137309055,0,1.9623236137309055,13
3.7437901458492857,2.216597904290548,1.527192241558739,1.7052720628319495,0,1.7052720628319495,13
3.2563304619645383,1.5617919372974083,1.6945385246671298,1.8871728067581872,0,1.8871728067581872,13
3.1694502032634766,0.5956250678663249,2.5738251353971515,3.3793879362108825,0,3.3793879362108825,13
4.97962377868373,2.7362783867092766,2.2433453919744535,1.818283554527879,0,1.818283554527879,13
4.6242618335894505,1.9626289847925424,2.661632848796907,3.128775212229706,0,3.128775212229706,13
2.5170767144904884,1.6993696301578574,0.817707084332631,1.145872398009712,0,1.145872398009712,13
1.0113820068501107,0.48192594375594516,0.5294560630941656,1.0080235995726372,0,1.0080235995726372,13
1.5612870254636966,0.22232292144731647,1.3389641040163798,0.9337168171318767,0,0.9337168171318767,13
0.9070200708087522,0.1314688309177397,0.7755512398910124,1.0040977442198054,0,1.0040977442198054,13
5.592627224269862,3.554842854560589,2.0377843697092723,2.639027838011149,0,2.639027838011149,13
5.412441744804645,1.5046137103726291,3.9078280344320167,2.4657642714272026,0,2.4657642714272026,13
3.077562833091421,2.6781714033780313,0.39939142971338915,1.1264669754666818,0,1.1264669754666818,13
2.5991582438345997,2.1638917518995116,0.43526649193508826,1.6188197686860626,0,1.6188197686860626,13
2.9835131341922976,2.6001270872683597,0.3833860469239381,1.9806829545347493,0,1.9806829545347493,13
2.0836538493132393,1.8374278806193478,0.24622596869389096,1.7702894480770053,0,1.7702894480770053,13
1.7468634992803986,0.5604452287839745,1.1864182704964241,0.8654822166145344,0,0.8654822166145344,13
2.053809918009828,0.9977640731738096,1.0560458448360184,1.7857700937710617,0,1.7857700937710617,13
1.9331736719027584,0.9297197082084925,1.0034539636942659,3.7817567830500938,0,3.7817567830500938,13
3.192215368921209,2.1361989604475524,1.0560164084736567,1.5958095900990559,0,1.5958095900990559,13
1.4358875925904597,0.5824049275328809,0.8534826650575789,1.2702595302328765,0.005629234837498054,1.2646302953953783,13
2.8453950131210055,0.657949120129259,2.1874458929917457,2.5284035349206397,0,2.5284035349206397,13
3.7828019885792106,0.9175353939966744,2.8652665945825357,1.5504635997090306,0,1.5504635997090306,13
3.961941512110433,1.370809807484152,2.5911317046262816,1.5426743635062672,0,1.5426743635062672,13
1.477199317291678,0.23161906025994056,1.2455802570317374,1.5055253093016003,0.020879139804108382,1.484646169497492,13
3.028365841578884,1.2509280855799172,1.7774377559989667,2.0336947814143533,0,2.0336947814143533,13
2.115616390811689,0.8248619779462462,1.290754412865443,2.250050700445722,0,2.250050700445722,13
5.256620159416985,1.3766548090834987,3.879965350333486,4.66297303314253,0,4.66297303314253,13
1.8645513402970693,1.436595721473021,0.42795561882404864,1.139170472411835,0,1.139170472411835,13
2.5550205085919737,0.9184007131882933,1.6366197954036803,1.440514154024636,0,1.440514154024636,13
2.3992289219778478,0.20833946531085198,2.190889456666996,2.2541359138595216,0,2.2541359138595216,13
2.5570761637175625,1.284201461094527,1.272874702623036,1.45355895950419,0,1.45355895950419,13
3.706356664682599,1.9912997316513776,1.7150569330312215,2.684332575022611,0,2.684332575022611,13
2.8997986305543697,1.8026393488011445,1.0971592817532256,3.2019759040578806,0,3.2019759040578806,13
2.9944372144474967,1.5360224977428412,1.458414716704655,1.1291527619986181,0,1.1291527619986181,13
2.185689271565688,0.5463896855288589,1.639299586036829,2.815534343172984,0,2.815534343172984,13
2.1540464386901528,0.9695796359260054,1.1844668027641476,1.9116264129910894,0,1.9116264129910894,13
3.446560673809356,2.9161898299178364,0.5303708438915193,3.369931936552491,0,3.369931936552491,13
1.1197654377182458,0.8539851177278998,0.2657803199903461,1.7564934137314068,0.031364676561237564,1.7251287371701691,13
3.332067714525982,1.6514270175755286,1.6806406969504535,1.2132406905667434,0,1.2132406905667434,13
5.2779538704097755,3.339807449540019,1.9381464208697574,1.5073290954559293,0,1.5073290954559293,13
2.8934624202006725,2.3484446353243795,0.5450177848762926,1.8312465595886778,0,1.8312465595886778,13
4.116129352353395,1.3645456051884397,2.751583747164955,3.9077564972918903,0,3.9077564972918903,13
4.744831194548341,3.951576853902753,0.7932543406455878,3.197793365541446,0,3.197793365541446,13
1.6210044876929577,0.8461088861573861,0.7748956015355717,1.6318123973615646,0,1.6318123973615646,13
4.513494468175663,0.964946557699725,3.5485479104759383,3.2120687488656214,0,3.2120687488656214,13
3.983266331907328,2.085786585001731,1.8974797469055962,0.9904172410457277,0,0.9904172410457277,13
4.685630995912439,2.0480865858632566,2.6375444100491823,2.1565062360590566,0,2.1565062360590566,13
1.9731581758160042,0.933457764661784,1.0397004111542203,1.7381201181337282,0,1.7381201181337282,13
2.0393834990546233,1.3470601810193306,0.6923233180352929,1.065017366430925,0,1.065017366430925,13
3.4218055158091962,1.8984092986146095,1.5233962171945865,3.0735247361103806,0,3.0735247361103806,13
2.701619937470981,1.8505293366089077,0.8510906008620732,1.2414743692618253,0,1.2414743692618253,13
1.1142098434898684,0.1735921621158767,0.9406176813739917,1.0916395290197667,0,1.0916395290197667,13
2.501510331741444,1.5262851920450315,0.9752251396964129,1.3223941432888884,0,1.3223941432888884,13
2.005392576408148,1.7023588320455858,0.3030337443625621,1.201337848081222,0,1.201337848081222,13
1.7877666920813717,1.2488496710508232,0.5389170210305483,1.7548943995075348,0,1.7548943995075348,13
2.5637030890063905,1.9049610401914872,0.6587420488149037,1.877282402262078,0,1.877282402262078,13
4.282185213047701,2.4189813566769853,1.863203856370716,2.330262705507903,0,2.330262705507903,13
3.1648631106126883,1.446567885403213,1.7182952252094759,1.6831360145585204,0,1.6831360145585204,13
3.716848915534656,1.8029596886913148,1.9138892268433396,2.1167984290320336,0,2.1167984290320336,13
1.9819552259379265,1.218634073072569,0.7633211528653577,1.7519694419728609,0,1.7519694419728609,13
3.571622806980943,3.035648742252001,0.5359740647289415,1.575979902428773,0,1.575979902428773,13
