1.4813151010976386,1.0567335057639304,0.4245815953337082,1.6537622921793473,0,1.6537622921793473,14
1.1282212545328798,0.48686876612457713,0.6413524884083027,1.7928372142912101,0,1.7928372142912101,14
2.1779611656356592,1.3909301993000756,0.7870309663355836,1.9234833495939951,0,1.9234833495939951,14
1.6179613402642687,0.8803638572678409,0.7375974829964279,1.5586234674171822,0,1.5586234674171822,14
1.1769570551238377,0.46116619976697626,0.7157908553568615,1.6020301121218692,0,1.6020301121218692,14
0.9493702314763777,0.6658671306339173,0.28350310084246044,1.5355778433383234,0,1.5355778433383234,14
0.9904686023348785,0.42462335258777206,0.5658452497471064,1.6066918143892313,0,1.6066918143892313,14
1.230772575355147,0.6365411364133422,0.5942314389418047,1.5694066644655194,0,1.5694066644655194,14
1.2298747820671605,0.47674327926863214,0.7531315027985283,1.583721828007642,0,1.583721828007642,14
2.72954907846722,1.3755922388028317,1.3539568396643884,2.2714073839662845,0,2.2714073839662845,14
1.2045221400845731,0.8018380699722758,0.40268407011229723,1.4756205404301626,0,1.4756205404301626,14
1.3601701909169046,0.5241636073062754,0.8360065836106293,1.4774145255659503,0,1.4774145255659503,14
1.5384379779156663,0.9636755043493781,0.5747624735662881,1.5544590600281936,0,1.5544590600281936,14
1.1197799076333992,0.4613954811331391,0.6583844265002602,1.4887342075591528,0,1.4887342075591528,14
1.0746331513010166,0.34078376867345106,0.7338493826275657,1.5676791073841334,0,1.5676791073841334,14
1.4955012297751449,0.7541072306366733,0.7413939991384717,1.7056371074667152,0,1.7056371074667152,14
1.3962883254287788,0.33274577588013654,1.0635425495486421,1.711810227220298,0,1.711810227220298,14
1.746230981206329,0.6874230207388559,1.058807960467473,1.9269751792920071,0,1.9269751792920071,14
1.096057769619549,0.3331724437756979,0.762885325843851,1.5261843054167996,0,1.5261843054167996,14
1.6723633304882108,0.581928550065254,1.0904347804229566,1.8249259744916544,0,1.8249259744916544,14
2.261268832170922,1.0456358505878496,1.2156329815830724,1.5504934337914527,0,1.5504934337914527,14
1.7310397795428294,0.7768852124564756,0.954154567086354,1.7277330184238395,0,1.7277330184238395,14
1.7281101481250203,1.2788700846732652,0.44924006345175443,1.9847299049666274,0,1.9847299049666274,14
1.3024834448793414,0.3014077226894787,1.0010757221898627,1.5094267760434132,0,1.5094267760434132,14
1.4087473552796401,0.6263880151771859,0.7823593401024542,1.5058634678229372,0,1.5058634678229372,14
2.401335843371074,1.254728212628888,1.1466076307421862,1.6300841793457976,0,1.6300841793457976,14
1.0985423274593589,0.5845109473852369,0.514031380074122,1.6021536740274531,0,1.6021536740274531,14
0.5634042189782931,0.20686255277401516,0.3565416662042778,1.420090170429759,0,1.420090170429759,14
3.515753487881177,2.0232265232679403,1.4925269646132369,1.6329000782703156,0,1.6329000782703156,14
0.5766759084005969,0.3412942448992311,0.23538166350136583,1.4593349075616762,0,1.4593349075616762,14
2.6346041179821773,1.3619877496876458,1.2726163682945322,2.018851142357486,0,2.018851142357486,14
2.3058256949069587,1.3758572961908233,0.9299683987161351,1.7780862425193542,0,1.7780862425193542,14
1.4488247117640145,0.7426170236094708,0.7062076881545437,1.7682441064565317,0,1.7682441064565317,14
1.5946872230815232,1.1951036197893175,0.399583603292206,1.499123759100299,0,1.499123759100299,14
1.1690515573953393,0.578220477908348,0.5908310794869911,1.5102237264272584,0,1.5102237264272584,14
0.7295933806630861,0.2709998368305883,0.45859354383249773,1.544512553691794,0,1.544512553691794,14
1.9897171459830219,0.8810249081044166,1.1086922378786053,1.8116933847865035,0,1.8116933847865035,14
1.133261127975314,0.6017736806922478,0.5314874472830662,1.529217226136375,0,1.529217226136375,14
1.5274115381567774,0.7372210853176783,0.7901904528390993,1.612125512898989,0,1.612125512898989,14
0.6785300224793693,0.5044277452420338,0.1741022772373355,1.475855191823092,0,1.475855191823092,14
2.3441179948025046,1.1956265831058577,1.148491411696647,1.9111640462891906,0,1.9111640462891906,14
1.2926476947682,0.5905589892116696,0.7020887055565301,1.670341072291428,0,1.670341072291428,14
1.417712603618166,0.6413753503300703,0.7763372532880957,3.144564879129782,0,3.144564879129782,14
0.9021585890576774,0.6025707633298968,0.29958782572778075,1.4767746174857246,0,1.4767746174857246,14
1.1820378467867947,0.523611317657017,0.6584265291297777,1.7059156374713804,0,1.7059156374713804,14
1.477497225236371,0.5178723928999216,0.9596248323364496,1.9280883985047905,0,1.9280883985047905,14
1.282948173526587,0.6861785997320394,0.5967695737945475,1.474669827597146,0,1.474669827597146,14
1.2581722821749677,0.7620642379152638,0.4961080442597039,1.6807989203412315,0,1.6807989203412315,14
1.6059263368810057,0.19779272098259099,1.4081336158984148,1.6193716905133007,0,1.6193716905133007,14
1.45049758368667,0.7225180957060925,0.7279794879805779,1.6299964763701784,0,1.6299964763701784,14
0.4300551674719853,0.12792026451589264,0.3021349029560926,1.3960666038544969,0,1.3960666038544969,14
1.1976124609865766,0.6068771052119362,0.5907353557746403,1.8451441137527635,0,1.8451441137527635,14
2.1055798135779664,0.7718359412776479,1.3337438723003183,5.247164014659721,0,5.247164014659721,14
1.0821190943081211,0.4960646039405161,0.586054490367605,1.4988194570630526,0,1.4988194570630526,14
1.5366032994807148,0.8117125582085618,0.724890741272153,1.5879649899716193,0,1.5879649899716193,14
1.4076509407170943,0.6841268745050733,0.723524066212021,1.6133334682514668,0,1.6133334682514668,14
1.5534254254114246,0.9567174715280125,0.5967079538834122,1.768826322756878,0,1.768826322756878,14
1.287280575268689,0.6040880658438839,0.6831925094248055,2.0846911165217192,0,2.0846911165217192,14
0.7983933976288898,0.379903341485834,0.4184900561430557,1.5406388692221593,0,1.5406388692221593,14
0.9097369923095896,0.5524321302843992,0.3573048620251905,1.5529572714548228,0,1.5529572714548228,14
2.098224193485664,1.283471774804819,0.8147524186808456,1.6421505075941751,0,1.6421505075941751,14
1.6410796954856919,0.9951366980686343,0.6459429974170576,1.79988879989206,0,1.79988879989206,14
1.297010886647724,0.5747167578071335,0.7222941288405904,1.5842411951913642,0,1.5842411951913642,14
1.8897305006478458,0.6843344831678091,1.2053960174800367,1.717575833776294,0,1.717575833776294,14
1.0680495077526022,0.5880773309694864,0.47997217678311577,1.5238146211725516,0,1.5238146211725516,14
3.1411514126471025,1.1784650743273817,1.962686338319721,1.8547399655538384,0,1.8547399655538384,14
1.4741481203626117,0.8781837294812886,0.5959643908813232,1.72077434667934,0,1.72077434667934,14
1.3032313076690951,0.4593258195714693,0.843905488097626,1.7386276625426895,0,1.7386276625426895,14
1.2387660687398838,0.5684614825224477,0.6703045862174359,1.9818945142104412,0,1.9818945142104412,14
1.8611431594427525,0.8784617005256103,0.9826814589171426,1.7302016552130124,0,1.7302016552130124,14
0.6676008542628626,0.1752379478394723,0.4923629064233905,1.4623897310004583,0,1.4623897310004583,14
1.2800013754001807,0.8127374418113833,0.46726393358879736,1.5249163228782021,0,1.5249163228782021,14
1.9549736914817217,0.9004795776211629,1.0544941138605588,2.2916791620777466,0,2.2916791620777466,14
3.357580598879929,1.7949897368240944,1.5625908620558353,2.442756255035444,0,2.442756255035444,14
1.747725564843591,0.770104819628092,0.9776207452154989,1.947783362868228,0,1.947783362868228,14
0.8960248581232488,0.4153462028088709,0.480678655314378,1.5048654225434448,0,1.5048654225434448,14
0.8092187642642312,0.4435441228952526,0.36567464136897854,1.4779132133455237,0,1.4779132133455237,14
1.1153741946674196,0.5992073683434886,0.5161668263239311,1.691955063580559,0,1.691955063580559,14
2.0246903073628975,0.9588667266626536,1.0658235807002436,2.146018935522839,0,2.146018935522839,14
1.5811276455880103,0.9820121614774635,0.599115484110547,1.6055342919260611,0,1.6055342919260611,14
1.3892706653510767,0.6631007223004293,0.7261699430506473,1.55425263388475,0,1.55425263388475,14
1.8768659209381091,1.0790269227361002,0.7978389982020084,1.604188612059053,0,1.604188612059053,14
2.0828727946002776,1.0640289031336545,1.0188438914666227,2.3976569417042013,0,2.3976569417042013,14
1.5698621956373204,0.8975607460384912,0.6723014495988291,1.5257060455780658,0,1.5257060455780658,14
1.604707666190457,0.634816365445166,0.9698913007452907,1.5178134606684481,0,1.5178134606684481,14
1.631351706445289,0.804341787567471,0.8270099188778178,2.023012857499784,0,2.023012857499784,14
1.2231267891016684,0.4356320665856047,0.7874947225160636,1.5496612829713245,0,1.5496612829713245,14
1.725986030966808,0.7117646240587545,1.0142214069080535,1.4695312240530896,0,1.4695312240530896,14
2.2897396205180978,0.7942954852706634,1.4954441352474346,1.5993910452584514,0,1.5993910452584514,14
1.3862119068083965,0.9413986668191057,0.4448132399892909,1.6659014288740983,0,1.6659014288740983,14
0.9479607478618303,0.6438066793398437,0.30415406852198645,1.5488243815226632,0,1.5488243815226632,14
0.9741251870837052,0.541684374169561,0.43244081291414427,1.6056144565328836,0,1.6056144565328836,14
2.1372395883879065,1.6684031431090598,0.4688364452788463,1.6066585235646593,0,1.6066585235646593,14
1.2131983699668478,0.6819541481193496,0.5312442218474983,1.6218114063543843,0,1.6218114063543843,14
0.818564875286941,0.2665981095080923,0.5519667657788487,1.4856708643883973,0,1.4856708643883973,14
1.2516466698377795,0.7957032224528491,0.4559434473849304,1.547715479815169,0,1.547715479815169,14
0.9007386459438738,0.6156002181603721,0.2851384277835016,1.5961926746316635,0,1.5961926746316635,14
1.2125069830326527,0.5607050239629376,0.651801959069715,2.1342140289660985,0,2.1342140289660985,14
2.8717505389644185,1.503813406121281,1.3679371328431378,1.7902891991862664,0,1.7902891991862664,14
0.7256719385517881,0.4723462730948367,0.25332566545695145,1.5781347392234364,0,1.5781347392234364,14
0.5752635547561457,0.25007590875813435,0.3251876459980113,1.4553038187684937,0,1.4553038187684937,14
1.8095910112648306,1.0508117475824708,0.7587792636823598,1.6300481486701002,0,1.6300481486701002,14
1.1918095787078569,0.5554319228781515,0.6363776558297054,1.980989971869614,0,1.980989971869614,14
1.5983211892545088,0.6491530404057172,0.9491681488487916,2.259384487596371,0,2.259384487596371,14
1.5894473522172747,0.8165207584822123,0.7729265937350625,1.6791301892064432,0,1.6791301892064432,14
2.1417353837672155,0.9142240544854181,1.2275113292817976,1.6434405665072693,0,1.6434405665072693,14
0.9093843980012116,0.5545102839794752,0.3548741140217365,1.5671431594204415,0,1.5671431594204415,14
1.759793565295242,0.8925967691149916,0.8671967961802506,2.498755693474359,0,2.498755693474359,14
1.7116553247090127,0.7622951400049209,0.9493601847040917,1.7206499505735793,0,1.7206499505735793,14
1.0101594132429124,0.6224773808184101,0.3876820324245024,1.6173419872040584,0,1.6173419872040584,14
1.32683097131578,0.3303705043559956,0.9964604669597844,1.5768390255726794,0,1.5768390255726794,14
0.7589381090035258,0.16317138978049583,0.5957667192230299,1.6002649730158658,0,1.6002649730158658,14
1.0669729471340028,0.5681818517833124,0.4987910953506905,1.5735712554172203,0,1.5735712554172203,14
0.816195801364053,0.44928470466017567,0.36691109670387734,1.535830822777511,0,1.535830822777511,14
1.4984033291607388,0.35171202214563557,1.146691307015103,1.680435417265472,0,1.680435417265472,14
0.6809700731209924,0.2859496730810691,0.3950204000399234,1.4074480038864885,0,1.4074480038864885,14
0.8586731269733021,0.5494523744413458,0.3092207525319563,1.4658602610583855,0,1.4658602610583855,14
1.5603596509989426,0.6677431786970509,0.8926164723018916,2.283278415342567,0,2.283278415342567,14
1.3029232830751765,0.5678572778128941,0.7350660052622825,2.049538965571922,0,2.049538965571922,14
1.4502051631639588,1.2648761545379048,0.1853290086260541,1.4764608801587213,0,1.4764608801587213,14
2.0624467943014553,0.377973454898048,1.6844733394034073,1.6378883242848787,0,1.6378883242848787,14
1.49087937232098,0.7519837855295834,0.7388955867913964,1.6026577871342604,0,1.6026577871342604,14
1.1258325800597209,0.5985500041534082,0.5272825759063126,1.9334513861898754,0,1.9334513861898754,14
1.4134220626620166,0.7586216212623329,0.6548004413996839,1.746344634729286,0,1.746344634729286,14
1.4922893220696538,0.435025422979715,1.0572638990899388,1.7596846735166927,0,1.7596846735166927,14
1.3143303280145746,1.1151260668095648,0.19920426120500972,1.5003255977876906,0,1.5003255977876906,14
1.0037244903796787,0.6315026332895313,0.3722218570901476,1.8308692674802858,0,1.8308692674802858,14
0.6741323893397964,0.3402177883582622,0.33391460098153397,1.4558258525753305,0,1.4558258525753305,14
1.5151255916500626,0.7310456530392132,0.7840799386108492,1.96735392469733,0,1.96735392469733,14
2.2649189968916663,1.004285940829797,1.260633056061869,2.1812774858499586,0,2.1812774858499586,14
1.6407533540628338,1.1162336546137317,0.5245196994491018,1.7453004599094848,0,1.7453004599094848,14
1.0087213541596687,0.45585645458209634,0.5528648995775723,1.5827879860888756,0,1.5827879860888756,14
2.0095272768698824,0.9453803607222231,1.0641469161476595,1.8281791180734936,0,1.8281791180734936,14
1.6774170421656407,1.054007558618737,0.6234094835469037,1.515997223914334,0,1.515997223914334,14
1.2011047243857549,0.5328116422612468,0.6682930821245081,1.5812372414059004,0,1.5812372414059004,14
0.4981351268952213,0.1619241080780888,0.33621101881713245,1.462122699721425,0,1.462122699721425,14
1.1192111961240547,0.49919228475658906,0.6200189113674657,1.8573812121443511,0,1.8573812121443511,14
1.1279013519716474,0.6545256681830018,0.47337568378864536,1.5590338267063322,0,1.5590338267063322,14
1.4457995357947178,0.7391506393029541,0.7066488964917634,2.2937036269866278,0,2.2937036269866278,14
0.7195604149946255,0.46539639674476196,0.2541640182498635,1.4752033565513738,0,1.4752033565513738,14
2.435737010024983,1.538616965952919,0.8971200440720644,2.5628749654646303,0,2.5628749654646303,14
2.456716229934309,1.0258282028597858,1.430888027074523,1.667454606590396,0,1.667454606590396,14
1.0485200944830744,0.5220649067026258,0.5264551877804485,1.4902588293418662,0,1.4902588293418662,14
2.0629104323778122,0.4052606232995744,1.6576498090782381,2.2132934291556636,0,2.2132934291556636,14
1.5249279001677483,0.6502123575685259,0.8747155425992221,2.0498757997678063,0,2.0498757997678063,14
1.792550533851105,0.9889543915431485,0.8035961423079564,2.034415947495078,0,2.034415947495078,14
0.6406912612714015,0.4328389861709616,0.20785227510044002,1.4222026695859384,0,1.4222026695859384,14
1.7359064243536895,0.8768606509813854,0.8590457733723037,1.7379315012470329,0,1.7379315012470329,14
1.8194777463163785,1.0903618271153552,0.7291159192010234,3.188419363245313,0,3.188419363245313,14
2.641141441404679,1.3299383727090657,1.3112030686956135,1.8744306629187433,0,1.8744306629187433,14
1.611863983263575,0.8891606617644172,0.7227033214991576,1.6548011774176066,0,1.6548011774176066,14
0.9828029258462715,0.5350804422876004,0.44772248355867095,1.5750017154559395,0,1.5750017154559395,14
1.2405991039149404,0.7901377576130408,0.4504613463018997,1.5884022771600714,0,1.5884022771600714,14
1.9123748500108566,0.9727412430342988,0.939633606976558,1.6256650924378877,0,1.6256650924378877,14
1.8615642787789206,0.7274648856291143,1.1340993931498062,1.682999727469491,0,1.682999727469491,14
1.1721097213713425,0.7809958928320793,0.39111382853926324,1.7127942058450112,0,1.7127942058450112,14
1.7533329607163224,0.6966483367720193,1.056684623944303,1.5705367669462618,0,1.5705367669462618,14
0.8787851924312039,0.38910413867389554,0.4896810537573083,1.4352707804506744,0,1.4352707804506744,14
0.8563683461395402,0.6340439178540478,0.22232442828549243,1.5434726210755974,0,1.5434726210755974,14
1.111165720528323,0.5036626170725297,0.6075031034557934,1.7165020382252307,0,1.7165020382252307,14
1.1947607645640623,0.6292874777254686,0.5654732868385937,1.6449612553796444,0,1.6449612553796444,14
0.7442345115870398,0.25163105936407365,0.49260345222296625,1.536169595183379,0,1.536169595183379,14
1.3258587247381586,0.6740061961732831,0.6518525285648755,1.7686006935942822,0,1.7686006935942822,14
1.0863425184674755,0.8193537221828706,0.2669887962846049,1.4666117594977095,0,1.4666117594977095,14
0.9790606851895675,0.6953716494548483,0.28368903573471915,1.5252441000397208,0,1.5252441000397208,14
0.9126734248624029,0.4463828794381141,0.4662905454242888,1.4705455385446724,0,1.4705455385446724,14
1.5595383230623776,0.8406584826447508,0.7188798404176266,1.7108717078400542,0,1.7108717078400542,14
2.0427372239582735,1.218408610433542,0.8243286135247313,1.7693713844486005,0,1.7693713844486005,14
1.0518774286442376,0.542414826671166,0.5094626019730717,1.6022960263899306,0,1.6022960263899306,14
1.9466229863168811,0.8925135057706735,1.0541094805462077,2.2772003394244025,0,2.2772003394244025,14
0.7741717292401049,0.35943454478249265,0.4147371844576122,1.5367265255492788,0,1.5367265255492788,14
0.989144882303628,0.3225914231893308,0.6665534591142971,1.4606030619321095,0,1.4606030619321095,14
2.4983969459227287,1.0667453593995224,1.4316515865232065,2.186913987987403,0,2.186913987987403,14
2.3718286559541983,1.1057500392397297,1.266078616714469,2.2413401606668137,0,2.2413401606668137,14
2.4550816517936305,1.3213291838186154,1.133752467975015,1.6991679817341514,0,1.6991679817341514,14
1.3004067183651102,0.967627860018718,0.3327788583463922,1.5535679778133766,0,1.5535679778133766,14
0.8838020640402326,0.5852676024197219,0.2985344616205107,1.6160709628648944,0,1.6160709628648944,14
1.8238647110185064,0.6435251585993866,1.1803395524191198,1.7117421555054007,0,1.7117421555054007,14
1.6835239310383654,0.6806656081414384,1.002858322896927,1.633513731137736,0,1.633513731137736,14
0.7034827884735907,0.4107590902476269,0.2927236982259638,1.5613911158018223,0,1.5613911158018223,14
2.621453495846633,1.775253300382345,0.8462001954642887,1.9878299617577024,0,1.9878299617577024,14
1.8497988136914398,0.8289424561023147,1.020856357589125,1.6019550986743325,0,1.6019550986743325,14
3.290317298162774,1.1351417883685349,2.155175509794239,1.8915152620380613,0,1.8915152620380613,14
1.438500522048073,0.7105107753684613,0.7279897466796118,1.8128575784328418,0,1.8128575784328418,14
1.3115996341327807,0.7436921863634081,0.5679074477693729,1.5103908298082973,0,1.5103908298082973,14
0.92862194697511,0.5122255087917523,0.4163964381833578,1.60116820233787,0,1.60116820233787,14
0.5957450457283981,0.2987515409516733,0.2969935047767249,1.4047883751842585,0,1.4047883751842585,14
0.6243727078396427,0.3089477842407662,0.3154249235988766,1.442634589982273,0,1.442634589982273,14
1.215491551358109,0.4117236176603429,0.8037679336977661,2.4948807641200776,0,2.4948807641200776,14
0.7672098689311856,0.46939613694137383,0.29781373198981176,1.674553101799197,0,1.674553101799197,14
1.3991141840646442,0.5196371441283099,0.8794770399363345,1.9694409861916666,0,1.9694409861916666,14
0.927539539462596,0.445779080117626,0.4817604593449699,1.4748996614095455,0,1.4748996614095455,14
0.6058963531898248,0.18992188525691384,0.415974467932911,1.5540148799560312,0,1.5540148799560312,14
1.9319375242228205,0.886333189534611,1.0456043346882091,2.0207584145059863,0,2.0207584145059863,14
1.0945622792502192,0.578833537876812,0.5157287413734073,1.6796677890949168,0,1.6796677890949168,14
0.9621791869962789,0.3899974239257019,0.5721817630705769,1.6918704659151937,0,1.6918704659151937,14
1.2613738409571353,0.69491595266442,0.5664578882927152,1.5174283082761968,0,1.5174283082761968,14
1.017289993643332,0.5687414649681344,0.44854852867519757,1.529803361398962,0,1.529803361398962,14
1.5890711990315591,0.34633417800784505,1.2427370210237143,1.710983560839141,0,1.710983560839141,14
0.9896244987464133,0.4470908173731974,0.542533681373216,2.0348324428892544,0,2.0348324428892544,14
1.1748444487817582,0.8101102176449789,0.36473423113677944,1.6342874161317378,0,1.6342874161317378,14
0.99309937513882,0.3488095145677902,0.6442898605710298,1.4981067935081251,0,1.4981067935081251,14
1.8869711154657736,0.873959796399346,1.0130113190664276,1.5730995520735096,0,1.5730995520735096,14
1.7164245220538024,1.2121685962666593,0.5042559257871431,1.5269571942516762,0,1.5269571942516762,14
1.7258258143892011,1.2253693809104786,0.5004564334787225,1.5663982910092054,0,1.5663982910092054,14
1.9291526721867118,1.0763728830843404,0.8527797891023715,1.9374768586599689,0,1.9374768586599689,14
1.57113994816301,0.38303017040565923,1.1881097777573506,1.5848207538917156,0,1.5848207538917156,14
1.0571061459106144,0.6013996958524823,0.45570645005813193,1.582074364498541,0,1.582074364498541,14
0.9076760094083847,0.4404848502814717,0.467191159126913,1.682834168793114,0,1.682834168793114,14
1.5667550336913625,0.6842967201669794,0.8824583135243829,1.6542256657216055,0,1.6542256657216055,14
0.29218109487756305,0.17171492979814115,0.12046616507942187,1.3859970928401375,0,1.3859970928401375,14
1.437326180831679,0.626266039838314,0.8110601409933651,1.859743695568,0,1.859743695568,14
0.9645887896078659,0.5064768459106388,0.4581119436972269,1.7518315886838807,0,1.7518315886838807,14
1.0144241483037948,0.41594712149717594,0.5984770268066189,1.6409166836566527,0,1.6409166836566527,14
0.8461258684666442,0.46887995437643415,0.37724591409021,1.445542676976246,0,1.445542676976246,14
1.6360711824422522,0.7053657480784499,0.9307054343638024,1.7255204243989417,0,1.7255204243989417,14
0.9772585984697982,0.4507538377907007,0.5265047606790975,1.474175124435192,0,1.474175124435192,14
1.1533227568792463,0.7847274375627306,0.3685953193165157,1.4934554524997168,0,1.4934554524997168,14
1.1381375035846715,0.5203842659894415,0.6177532375952302,1.4588660867433219,0,1.4588660867433219,14
0.8255345806915181,0.41074007030247917,0.4147945103890388,1.4645432638874871,0,1.4645432638874871,14
1.0693277325568165,0.5917503980287488,0.4775773345280677,1.511673294279562,0,1.511673294279562,14
3.6420044766259543,1.5710783256935006,2.0709261509324537,1.9219459749615444,0,1.9219459749615444,14
1.160072877016955,0.16987928755477538,0.9901935894621798,1.5170359406001113,0,1.5170359406001113,14
2.922372213127949,1.549344266373203,1.3730279467547462,1.8874536146009608,0,1.8874536146009608,14
1.4169920580106647,0.6639338117614173,0.7530582462492472,2.5749700425149364,0,2.5749700425149364,14
1.0324488318350156,0.6137717412347827,0.4186770906002327,1.5114672284542392,0,1.5114672284542392,14
1.2536816411958953,0.6450252620948806,0.6086563791010147,1.817452398283182,0,1.817452398283182,14
2.542626927615314,1.7211360606135733,0.8214908670017408,1.7462703790334462,0,1.7462703790334462,14
1.475399949549759,0.7239322376560597,0.7514677118936992,1.745402905816671,0,1.745402905816671,14
1.4161594768960697,0.6870896928583847,0.729069784037685,1.9860211738810334,0,1.9860211738810334,14
3.4836731635142324,1.670047007203526,1.8136261563107068,1.993297821754373,0,1.993297821754373,14
0.8310159554174125,0.39506907721126605,0.4359468782061463,1.6149874804715771,0,1.6149874804715771,14
1.5006875480422424,0.9882435693375468,0.5124439787046954,1.5239838380323754,0,1.5239838380323754,14
2.8433016091142798,1.6694962721223536,1.1738053369919261,2.0434689841174247,0,2.0434689841174247,14
2.0947458807626536,0.875486508879425,1.2192593718832292,1.5833245965700926,0,1.5833245965700926,14
1.2822916868453584,0.5535974725363154,0.728694214309043,1.4553485912814574,0,1.4553485912814574,14
0.8203484168569897,0.66460701458353,0.15574140227345962,1.546160978704712,0,1.546160978704712,14
1.7608046664303465,0.7227055296655801,1.0380991367647665,1.563902549244548,0,1.563902549244548,14
0.7656402284995181,0.38166201940325734,0.3839782090962607,1.491776090677697,0,1.491776090677697,14
1.3394096062647902,0.8944643907101759,0.44494521555461425,1.4788723583458656,0,1.4788723583458656,14
2.0781084405407904,0.8955433081569286,1.182565132383862,1.676656991044103,0,1.676656991044103,14
0.8343070961863028,0.3747512918454101,0.45955580434089255,1.4413590135961574,0,1.4413590135961574,14
1.5229460542907787,0.46780997893333465,1.055136075357444,1.7181474371576213,0,1.7181474371576213,14
0.95791564238824,0.3540501134273957,0.6038655289608444,1.5327556293685298,0,1.5327556293685298,14
0.6549760862802106,0.27293015999160647,0.3820459262886041,1.533925406648825,0,1.533925406648825,14
0.6854608033106119,0.22727941199871501,0.45818139131189684,1.4747712185048085,0,1.4747712185048085,14
2.3171855405819697,1.4480303285925977,0.8691552119893721,1.5737505132390983,0,1.5737505132390983,14
1.2113614258390388,0.40662973355217613,0.8047316922868625,1.645973227391533,0,1.645973227391533,14
1.7104168967772397,0.650064618954915,1.0603522778223247,1.5415480585394643,0,1.5415480585394643,14
0.4874585932595549,0.4529096488700771,0.034548944389477705,1.4122319737995472,0,1.4122319737995472,14
2.4535937347216787,0.9580400181125754,1.4955537166091033,1.6681262459440718,0,1.6681262459440718,14
0.6888722292680742,0.33496338138605897,0.35390884788201527,1.548635334863154,0,1.548635334863154,14
1.596659440715207,1.1250025399620158,0.47165690075319144,1.5514094135475252,0,1.5514094135475252,14
2.0268048716124345,0.7687190385207638,1.2580858330916709,1.605662585189825,0,1.605662585189825,14
1.3606267229082492,0.5710242815604631,0.789602441347786,1.7077794550378365,0,1.7077794550378365,14
3.1807657909007956,1.758851965547895,1.4219138253529011,2.308832094418469,0,2.308832094418469,14
1.4168326682364634,0.7282899636010487,0.6885427046354148,1.5922010909739057,0,1.5922010909739057,14
1.5344096618667806,0.8572792033416695,0.6771304585251112,1.5442814788417665,0,1.5442814788417665,14
1.0605367187841102,0.520755364358058,0.5397813544260521,1.458649058627596,0,1.458649058627596,14
1.7213854637031885,0.9472662426901761,0.7741192210130126,2.7152351745218612,0,2.7152351745218612,14
0.6181333830936651,0.4270202310480953,0.19111315204556983,1.4191638172560297,0,1.4191638172560297,14
1.060523965505207,0.4247100853747986,0.6358138801304085,1.5405651438616323,0,1.5405651438616323,14
1.6062774722483308,0.7746926940691918,0.8315847781791392,1.5352312741150342,0,1.5352312741150342,14
1.2523833056481282,0.735166487062293,0.5172168185858352,1.5830473571019499,0,1.5830473571019499,14
4.1964500230620185,2.108049007034076,2.088401016027943,2.0215736782411557,0,2.0215736782411557,14
1.2636065741895022,0.4693829058398655,0.7942236683496366,1.6256943366285097,0,1.6256943366285097,14
1.5031692938716825,0.5604811302964754,0.9426881635752072,2.1596609067802355,0,2.1596609067802355,14
0.4073219656424422,0.3259795895599721,0.08134237608247016,1.4166956415210947,0,1.4166956415210947,14
2.962112415437411,1.2723990562186773,1.6897133592187337,1.6802032894523418,0,1.6802032894523418,14
0.7293325231031367,0.28808354307683065,0.441248980026306,1.4524744083433103,0,1.4524744083433103,14
1.36762788492311,0.5822556590157435,0.7853722259073668,1.871243987804529,0,1.871243987804529,14
1.332939845066278,0.7571757141139168,0.575764130952361,1.5468285717934458,0,1.5468285717934458,14
1.8579376794838853,0.41505131376924553,1.4428863657146396,1.824040389357009,0,1.824040389357009,14
3.7322806051438855,1.6647239638013602,2.0675566413425255,1.6490355573973388,0,1.6490355573973388,14
0.9141354852862624,0.17391071566343042,0.740224769622832,1.4215253570245725,0,1.4215253570245725,14
1.4015524389987153,0.6972052184861622,0.704347220512553,1.725800405682519,0,1.725800405682519,14
1.9926400208294734,1.0219653100650832,0.97067471076439,1.896326377857009,0,1.896326377857009,14
2.708904666340285,1.429854594558965,1.27905007178132,1.7168257134551248,0,1.7168257134551248,14
1.5474279408828822,0.8062205739613891,0.7412073669214931,2.0457849182669983,0,2.0457849182669983,14
1.2118965527875942,0.5425531490240081,0.6693434037635861,1.6107159221151461,0,1.6107159221151461,14
1.254668685566073,0.385270849045396,0.8693978365206769,1.7019818038727692,0,1.7019818038727692,14
1.8130434192471159,0.6894974694421516,1.1235459498049643,1.5722947486793997,0,1.5722947486793997,14
0.8307680280643006,0.5365265048411015,0.2942415232231991,1.4705175000226267,0,1.4705175000226267,14
2.3519802730726407,1.45583504902223,0.8961452240504106,2.1053622649331913,0,2.1053622649331913,14
1.8438603224372168,0.675308027129357,1.1685522953078595,1.6258348478506552,0,1.6258348478506552,14
1.3309099649727572,0.45717068446148346,0.8737392805112736,2.0176573438977043,0,2.0176573438977043,14
1.2641072331492125,0.4800768651926153,0.7840303679565974,1.5371036161106362,0,1.5371036161106362,14
1.6148397799292715,0.6160645462408408,0.9987752336884306,1.530249654951323,0,1.530249654951323,14
0.506752138426821,0.2496626359431279,0.257089502483693,1.4728938256644442,0,1.4728938256644442,14
1.2984423369622733,0.7468004915220895,0.5516418454401838,1.5392261215657055,0,1.5392261215657055,14
0.7406932991495423,0.301114895837888,0.43957840331165443,1.5121745513345237,0,1.5121745513345237,14
1.5920637686939487,0.9469116214692715,0.6451521472246767,1.4966489615637342,0,1.4966489615637342,14
1.8636635136744435,0.9622411748786079,0.9014223387958356,1.9036537442307573,0,1.9036537442307573,14
0.6724853950985306,0.39673878235139515,0.2757466127471354,1.485909221028363,0,1.485909221028363,14
1.3446507910883008,0.6078395962542937,0.7368111948340071,2.0575033788228323,0,2.0575033788228323,14
3.7141942359621787,1.8868640160993353,1.8273302198628438,1.5043146382019335,0,1.5043146382019335,14
1.4688693150335304,0.6603863631015868,0.8084829519319435,1.587204705330718,0,1.587204705330718,14
1.0303640683390554,0.7795231411895964,0.250840927149459,1.8569916378686755,0,1.8569916378686755,14
2.3671519208899796,1.3857337209236487,0.9814181999663307,1.583954564427585,0,1.583954564427585,14
0.6050625686166172,0.3055232451941456,0.29953932342247164,1.4218524548271436,0,1.4218524548271436,14
1.0210506272145867,0.4541180235033583,0.5669326037112283,1.503180014805456,0,1.503180014805456,14
2.659320818457732,1.5821736876727033,1.0771471307850289,2.6189627769880195,0,2.6189627769880195,14
1.6032756093350369,0.4990537199798488,1.1042218893551883,1.5744531459396711,0,1.5744531459396711,14
1.4137116983378346,0.3659276244278748,1.0477840739099598,1.6193420992504073,0,1.6193420992504073,14
1.2599498576296884,0.5696241546739069,0.6903257029557817,1.4653534417382226,0,1.4653534417382226,14
1.1905191648887365,0.11774730307416134,1.0727718618145752,1.4972648635144359,0,1.4972648635144359,14
1.0383074197437514,0.3087000197954011,0.7296073999483503,1.5749645290948249,0,1.5749645290948249,14
2.387478381830205,1.1263576731411424,1.2611207086890628,2.2460527393897496,0,2.2460527393897496,14
0.7636812216239287,0.4654880762470405,0.2981931453768881,1.502875183721115,0,1.502875183721115,14
1.0359167467053796,0.44184451231343463,0.5940722343919448,1.6054801314784026,0,1.6054801314784026,14
1.1930565994183147,0.48425137853623423,0.7088052208820803,1.5616979659522991,0,1.5616979659522991,14
1.3857439686600213,0.5513117637732357,0.8344322048867858,2.1662404911428856,0,2.1662404911428856,14
1.046168359441143,0.5338238974367819,0.5123444620043611,1.4565221923152791,0,1.4565221923152791,14
0.5714879704394255,0.3767476021513407,0.19474036828808472,1.540567934545279,0,1.540567934545279,14
1.6573414803217346,1.4373119681156497,0.2200295122060847,1.8436249871609223,0,1.8436249871609223,14
1.9615872261362708,0.8461136170528645,1.115473609083406,1.7967956729187409,0,1.7967956729187409,14
0.8396118166910306,0.7435721765287525,0.09603964016227792,1.4458445727258995,0,1.4458445727258995,14
1.6573137208917466,0.5891235477059213,1.0681901731858252,2.5752146727921046,0,2.5752146727921046,14
1.135823307030254,0.5848381295161821,0.5509851775140717,1.7809544961073942,0,1.7809544961073942,14
2.502765599234436,1.3430729481899684,1.1596926510444678,1.818840255189689,0,1.818840255189689,14
1.6618690160512462,0.48567957553056884,1.1761894405206772,1.795123977483247,0,1.795123977483247,14
1.890340276915161,0.9423410185793663,0.947999258335795,1.5489108049066804,0,1.5489108049066804,14
2.737561220748455,1.4221421968570385,1.3154190238914165,1.7476338901727062,0,1.7476338901727062,14
0.6867095758839301,0.43868245061528843,0.24802712526864165,1.5402043948115898,0,1.5402043948115898,14
1.4122139597114742,1.0998077695596582,0.31240619015181614,1.5923372726837002,0,1.5923372726837002,14
2.0255973473807436,0.6308760474367378,1.3947212999440057,2.3971361928220465,0,2.3971361928220465,14
0.9733304146371304,0.3725493861681928,0.6007810284689378,1.4371734107710998,0,1.4371734107710998,14
0.9553091886872944,0.4254791488618357,0.5298300398254587,1.5252039605358507,0,1.5252039605358507,14
1.4622189704133604,0.8786342826311137,0.5835846877822465,1.7580822774248426,0,1.7580822774248426,14
3.161230098265931,1.5363014096846008,1.6249286885813303,2.2855774080810685,0,2.2855774080810685,14
2.2767413532605225,0.9104707112644133,1.3662706419961093,2.1496656795676006,0,2.1496656795676006,14
1.2717593790109314,0.8134792856046288,0.45828009340630266,1.4724731297293232,0,1.4724731297293232,14
0.8207565686691697,0.4449884262975008,0.3757681423716688,1.4366572433135438,0,1.4366572433135438,14
1.2922016610588594,0.5057601075372047,0.7864415535216546,1.510457560528028,0,1.510457560528028,14
0.5501677452900483,0.23827190546479857,0.3118958398252498,1.44391870065735,0,1.44391870065735,14
1.2427848415263147,0.6752163144669949,0.5675685270593198,1.9105596360992967,0,1.9105596360992967,14
1.4827525692185461,0.9438043911442023,0.5389481780743435,1.8840473432954683,0,1.8840473432954683,14
1.7835676674956527,0.8074210729916844,0.9761465945039683,1.9650423745314964,0,1.9650423745314964,14
2.7569703455676864,1.5003880691316822,1.2565822764360046,1.8773641313958596,0,1.8773641313958596,14
1.6607733189076948,1.1206043046398018,0.5401690142678933,1.7241085769432742,0,1.7241085769432742,14
1.3236593143331175,0.8497538809623894,0.4739054333707281,1.594353091274592,0,1.594353091274592,14
1.1815898189809562,0.6607921270678463,0.5207976919131099,1.6266446510815724,0,1.6266446510815724,14
1.361530939212943,0.6868901262112438,0.6746408130016993,2.053002830932541,0,2.053002830932541,14
0.7363068306484223,0.36969320555516255,0.36661362509325973,1.414758322220053,0,1.414758322220053,14
3.0372826563604898,1.7486455454666037,1.2886371108938857,1.6518351799092743,0,1.6518351799092743,14
0.6648822622526538,0.2699476543906318,0.39493460786202195,1.5115435525720529,0,1.5115435525720529,14
2.61951425945409,1.3062825586705804,1.31323170078351,2.083585689918172,0,2.083585689918172,14
2.2773900078473326,1.094095490733616,1.1832945171137166,2.0438735535407497,0,2.0438735535407497,14
1.8672804084911796,1.0916924260074745,0.7755879824837052,1.820272561005956,0,1.820272561005956,14
0.5725064892936604,0.32838430588111234,0.24412218341254804,1.4203302394919812,0,1.4203302394919812,14
1.7843558395549504,1.061134064674341,0.7232217748806093,1.8644645239865012,0,1.8644645239865012,14
1.8734466303909598,1.0045699197937936,0.8688767105971662,1.6046072836655685,0,1.6046072836655685,14
2.688028878026804,1.129294656948796,1.558734221078008,2.023313322239421,0,2.023313322239421,14
1.109323812089684,0.9293944708076904,0.17992934128199384,1.5662324529378888,0,1.5662324529378888,14
0.7785129496920016,0.38611211841085036,0.39240083128115133,1.5026175619720654,0,1.5026175619720654,14
1.4231510502614921,0.6121199408660889,0.8110311093954035,1.5522228096585766,0,1.5522228096585766,14
1.3682345083722787,0.6992312951181434,0.6690032132541353,1.5359201425358497,0,1.5359201425358497,14
1.2938238649312723,0.7205723293725097,0.5732515355587627,2.0818270933221066,0,2.0818270933221066,14
1.3017016449103764,0.8653729734770528,0.4363286714333239,2.0898248345005297,0,2.0898248345005297,14
1.2626093963027682,0.424388962217518,0.8382204340852505,1.5694213037063363,0,1.5694213037063363,14
2.3838889269973906,1.122362275828351,1.2615266511690395,1.7154837529079885,0,1.7154837529079885,14
0.7884796488306691,0.5047579080637448,0.28372174076692425,1.6008232604024673,0,1.6008232604024673,14
1.3024537230729651,0.4929230540618512,0.8095306690111139,1.4704137774052302,0,1.4704137774052302,14
0.9308822417801843,0.47809591158138154,0.45278633019880277,2.085592920917448,0,2.085592920917448,14
0.4590708730425875,0.2105778765575252,0.2484929964850622,1.4483033302368473,0,1.4483033302368473,14
0.9193193105619396,0.41019536570519743,0.5091239448567422,1.5666837190709795,0,1.5666837190709795,14
1.0359985715521,0.4228438275484011,0.613154744003699,1.7364829203157444,0,1.7364829203157444,14
0.6737859201054504,0.4719378996685032,0.2018480204369471,1.4520361633641738,0,1.4520361633641738,14
1.3188094493691909,1.1240709245897178,0.19473852477947295,1.5135596195319392,0,1.5135596195319392,14
0.6002278684856857,0.16000485764031577,0.44022301084537,1.441007978947347,0,1.441007978947347,14
1.3484152226957145,0.6376377966330511,0.7107774260626631,1.7980340953011809,0,1.7980340953011809,14
1.0418256411087328,0.37573572474920036,0.6660899163595325,1.4991704393332745,0,1.4991704393332745,14
1.5235210151043312,0.5417337300599324,0.9817872850443986,1.7303631824289338,0,1.7303631824289338,14
0.8506849365383848,0.3197156615197149,0.5309692750186701,1.5572390072095685,0,1.5572390072095685,14
1.5486609494175465,0.46945775828844294,1.0792031911291033,1.7331100589036879,0,1.7331100589036879,14
1.6113727858382072,0.6885277377043397,0.9228450481338674,2.1678500642956173,0,2.1678500642956173,14
1.0166384307802858,0.6520315566582142,0.3646068741220714,1.586079695287171,0,1.586079695287171,14
0.859364927064417,0.48487317464069046,0.37449175242372656,1.5241002741192766,0,1.5241002741192766,14
1.3404464137317313,0.7837447774169579,0.5567016363147734,2.5378760633212516,0,2.5378760633212516,14
1.1835307398893395,0.5739985649228443,0.6095321749664955,1.8862942690237203,0,1.8862942690237203,14
1.2626445200097727,0.37037406090375724,0.8922704591060153,1.5300199491982132,0,1.5300199491982132,14
1.7023004690549408,0.9000622487487159,0.8022382203062248,1.62796009120495,0,1.62796009120495,14
0.42578414675196385,0.19134469305753055,0.23443945369443334,1.4321352823683027,0,1.4321352823683027,14
1.38642051237075,0.7501039430949809,0.6363165692757692,1.6641089219103893,0,1.6641089219103893,14
1.6996554125806738,0.62814287557461,1.0715125370060636,1.5283701053726935,0,1.5283701053726935,14
1.218409103501018,0.6528339231118179,0.5655751803892002,1.5801565001485425,0,1.5801565001485425,14
1.299539449178726,0.5769477834732613,0.7225916657054645,1.6890701713072311,0,1.6890701713072311,14
1.5746565635965206,0.6065266346758467,0.9681299289206737,1.5684583598740065,0,1.5684583598740065,14
1.2295223344439759,0.5937976359441588,0.6357246984998174,1.5894795432748874,0,1.5894795432748874,14
0.9916009438021773,0.4376286437973528,0.5539723000048246,1.6908815248261124,0,1.6908815248261124,14
1.5511958519018976,0.9209294702748292,0.6302663816270682,2.2318765560687854,0,2.2318765560687854,14
1.404794951960395,0.5413427356067895,0.8634522163536055,1.5726702011417366,0,1.5726702011417366,14
1.6788107836279864,0.543928043715749,1.1348827399122376,1.6300619737493474,0,1.6300619737493474,14
1.7795436290766538,1.1342037855496836,0.6453398435269703,1.6450141094367206,0,1.6450141094367206,14
1.4666931207160445,0.776916608204931,0.6897765125111136,2.0124818298362728,0,2.0124818298362728,14
1.4553066516677382,0.534127837027057,0.9211788146406812,1.9653923844689163,0,1.9653923844689163,14
3.069409864578381,1.0449679594776802,2.0244419051007005,3.433124915711078,0,3.433124915711078,14
0.9472286127212204,0.38685009936925274,0.5603785133519674,1.5340700592931307,0,1.5340700592931307,14
2.0430099939811583,1.3034727269494604,0.739537267031698,2.920204729310034,0,2.920204729310034,14
2.579213405423466,1.0239113154543205,1.5553020899691454,1.590913540124698,0,1.590913540124698,14
0.8732750040740774,0.4100686505316583,0.4632063535424192,1.7128887612995647,0,1.7128887612995647,14
2.1740185829286425,0.981813578527821,1.1922050044008219,2.6440376884444974,0,2.6440376884444974,14
1.1666583552469407,0.6364728235160895,0.5301855317308513,1.6896669694409996,0,1.6896669694409996,14
1.3669224063537035,0.36197995862891347,1.0049424477247901,1.5590578980263077,0,1.5590578980263077,14
1.0551139972371348,0.498533150271028,0.5565808469661069,1.6363585652574524,0,1.6363585652574524,14
0.9540381695994091,0.5474730260083425,0.40656514359106655,1.56316422771208,0,1.56316422771208,14
0.8868467080208062,0.3788860316270702,0.5079606763937361,1.6746381173411957,0,1.6746381173411957,14
1.4833453587825125,0.6318611305646914,0.8514842282178212,1.8995475396399297,0,1.8995475396399297,14
1.8405550092848246,0.902028985566205,0.9385260237186194,3.009829725474834,0,3.009829725474834,14
1.1018075613584792,0.6822445269089792,0.41956303444950016,1.7029846025512971,0,1.7029846025512971,14
1.4266535121066326,1.0224816714932876,0.404171840613345,1.5787326062573404,0,1.5787326062573404,14
1.1835884540725943,0.4519769173282119,0.7316115367443823,1.469113547388584,0,1.469113547388584,14
0.8194142372588882,0.4737074954770679,0.3457067417818202,1.4978509441926602,0,1.4978509441926602,14
1.2544702950037796,0.7039436425741922,0.5505266524295875,1.9881791902956536,0,1.9881791902956536,14
1.9127745779417673,1.056853921281856,0.8559206566599116,1.95814605018092,0,1.95814605018092,14
0.7887584236093017,0.49627719658236946,0.29248122702693213,1.464551042011165,0,1.464551042011165,14
1.2731570598672248,0.13636295024690714,1.1367941096203176,1.558133892665876,0,1.558133892665876,14
1.7733201408346926,0.9644944343538944,0.8088257064807982,1.5797808772336748,0,1.5797808772336748,14
1.8115795217949304,1.0475073387584952,0.7640721830364352,1.9833545202261185,0,1.9833545202261185,14
2.545725838533242,1.1944914132790794,1.3512344252541626,1.6542134569646598,0,1.6542134569646598,14
0.6960602132066737,0.3236928042776206,0.37236740892905307,1.5084504315932667,0,1.5084504315932667,14
1.3330555830220585,0.6118635452577186,0.7211920377643403,1.8434995366496105,0,1.8434995366496105,14
1.4422647263604529,0.6716689776475244,0.7705957487129287,1.454598909631112,0,1.454598909631112,14
0.9457575415837063,0.5720287849195822,0.37372875666412403,1.568383533823409,0,1.568383533823409,14
1.4023420000750413,0.8537346606983909,0.5486073393766508,1.6126947781764172,0,1.6126947781764172,14
1.227889146373648,0.6662489018648021,0.561640244508846,2.2501154265879935,0,2.2501154265879935,14
0.8231413375491992,0.5321544466213091,0.2909868909278901,1.4689878947198045,0,1.4689878947198045,14
0.9996275526473337,0.4414969977807234,0.5581305548666103,1.5108672033111499,0,1.5108672033111499,14
1.3085891478345013,0.715945538573783,0.5926436092607186,2.1140125902198,0,2.1140125902198,14
1.5000269418966716,0.7512074675980829,0.7488194742985887,1.8855948431086693,0,1.8855948431086693,14
1.2908918723658112,0.29606637240577327,0.994825499960038,1.6154187982550994,0,1.6154187982550994,14
1.0975890370265515,0.6461312233381699,0.45145781368838184,1.4604772740912895,0,1.4604772740912895,14
1.5690258930680656,0.8599203729290037,0.709105520139062,1.6348311517619423,0,1.6348311517619423,14
0.9598685709317321,0.48747062478680087,0.47239794614493114,1.578048987026536,0,1.578048987026536,14
0.5670967222171608,0.24906261222396978,0.3180341099931911,1.442607067938733,0,1.442607067938733,14
1.1027987256960203,0.38976984606257914,0.7130288796334414,1.7838645884643425,0,1.7838645884643425,14
0.6475875112712147,0.3997389122537957,0.24784859901741907,1.4682932438168255,0,1.4682932438168255,14
1.5749263501770827,0.6418226191622793,0.9331037310148034,1.8997248863796936,0,1.8997248863796936,14
2.078401615955951,0.6846017003064084,1.3937999156495424,1.9577650486974238,0,1.9577650486974238,14
0.8736716227864157,0.5815647077351159,0.2921069150512997,1.4664765625429117,0,1.4664765625429117,14
0.928775089387626,0.571241312597452,0.35753377679017384,1.5664088549469772,0,1.5664088549469772,14
1.6202576334611694,0.6014306405400798,1.0188269929210896,1.70288714086361,0,1.70288714086361,14
0.8128657836531982,0.3329706948341714,0.4798950888190267,1.5899464203810727,0,1.5899464203810727,14
1.2437715244108127,0.5210551256339281,0.7227163987768845,1.584154474212956,0,1.584154474212956,14
2.37026017085903,1.1199114987774215,1.2503486720816084,1.6995982720184184,0,1.6995982720184184,14
1.8138263921786435,0.5659276492150411,1.2478987429636024,1.723488883321716,0,1.723488883321716,14
1.7444399004307523,1.0410608080265595,0.7033790924041929,1.6775089672687402,0,1.6775089672687402,14
1.2199878975751868,0.5602462715010503,0.6597416260741362,1.6094388963796082,0,1.6094388963796082,14
0.6627235692854081,0.33516851994872743,0.32755504933668067,1.6494530524805824,0,1.6494530524805824,14
2.4949470462166143,1.457525837847292,1.0374212083693222,1.834598929625684,0,1.834598929625684,14
2.4997558220804383,1.6037334415466198,0.8960223805338187,2.02059030186408,0,2.02059030186408,14
1.6636697628794506,1.2730509659501847,0.3906187969292658,1.6475684094374867,0,1.6475684094374867,14
1.6581208169414885,1.0364281636380985,0.62169265330339,1.652428595193156,0,1.652428595193156,14
1.4276973254497705,0.9180059076470944,0.5096914178026759,1.542634321959404,0,1.542634321959404,14
1.026805675234982,0.3754560271224513,0.6513496481125309,1.5221587772819758,0,1.5221587772819758,14
1.0944934624977025,0.5317827693505428,0.5627106931471596,1.8818761469294891,0,1.8818761469294891,14
1.0390857028012763,0.43994069624448784,0.5991450065567885,1.6139482004148253,0,1.6139482004148253,14
2.316475146658745,0.8134134713650398,1.503061675293706,1.6202180402876272,0,1.6202180402876272,14
1.5137958709476573,0.7356108624469478,0.7781850085007094,1.6521070957227735,0,1.6521070957227735,14
1.4208890333991584,0.5783706520587143,0.8425183813404439,1.7802777819831164,0,1.7802777819831164,14
0.7361343075311596,0.3415632618272639,0.3945710457038958,1.6802551399638002,0,1.6802551399638002,14
1.4020070377307885,0.5874344863006212,0.8145725514301674,1.7223687054629735,0,1.7223687054629735,14
1.3516206087753173,0.7289997389964371,0.6226208697788802,2.509592148144558,0,2.509592148144558,14
0.6654981026667376,0.3040253761037494,0.3614727265629881,1.5126340468378205,0,1.5126340468378205,14
1.1161947256000784,0.5962670090853233,0.5199277165147552,1.8842748275405758,0,1.8842748275405758,14
1.8984807568032993,0.7288734487552668,1.1696073080480325,1.9018400058777334,0,1.9018400058777334,14
1.9952391497860165,1.2167462854206228,0.7784928643653938,1.7566106122510985,0,1.7566106122510985,14
1.952881185003227,1.1997879083638483,0.7530932766393789,1.8616329184821796,0,1.8616329184821796,14
1.721305512006595,1.0998700500733127,0.6214354619332823,2.002456796399869,0,2.002456796399869,14
2.4987398076245455,1.5170454775973337,0.9816943300272116,1.617876867869497,0,1.617876867869497,14
1.86866131743204,0.9017796911276199,0.9668816263044202,2.349977044312304,0,2.349977044312304,14
0.7882558492876414,0.4070277855728517,0.38122806371478957,1.5078045347993418,0,1.5078045347993418,14
2.769863819621399,1.8548273664348365,0.9150364531865629,1.7073875040654996,0,1.7073875040654996,14
1.2882571772167877,0.7402628839811847,0.5479942932356029,1.7581817597096407,0,1.7581817597096407,14
0.8858289523411788,0.42109558361757893,0.4647333687235997,1.4995193162831049,0,1.4995193162831049,14
0.931884794262015,0.4398287282540797,0.4920560660079353,1.477048160844053,0,1.477048160844053,14
1.9170879814928292,1.2004265217890833,0.716661459703746,1.7824135315287677,0,1.7824135315287677,14
1.6081826775223487,0.8144278722401487,0.7937548052822001,1.6115632684145074,0,1.6115632684145074,14
1.1300379313118645,0.6699979915445351,0.4600399397673295,1.635668990660271,0,1.635668990660271,14
0.6946866277354804,0.3871343473988159,0.30755228033666443,1.4756477118116011,0,1.4756477118116011,14
1.0290417584880154,0.16007805675205475,0.8689637017359606,1.4542049700870705,0,1.4542049700870705,14
0.9940815071142113,0.3523116687289252,0.6417698383852859,1.4316885241715398,0,1.4316885241715398,14
1.4010395802599742,0.8673971237300644,0.5336424565299098,1.6438559153119847,0,1.6438559153119847,14
0.9630876562544584,0.48978653805483463,0.4733011181996238,1.632868054309298,0,1.632868054309298,14
1.023155473312626,0.35623767371531856,0.6669177995973073,1.491776195178932,0,1.491776195178932,14
0.6908862753770006,0.2977412979359154,0.39314497744108523,1.5491221985454944,0,1.5491221985454944,14
1.0051957100768159,0.6671940057482031,0.33800170432861276,1.6152814762860288,0,1.6152814762860288,14
0.9754781655696187,0.46461644392126655,0.5108617216483521,1.649030170566875,0,1.649030170566875,14
1.2489250824446154,0.7316026006664783,0.5173224817781371,1.752554848921883,0,1.752554848921883,14
2.1183646574179065,1.6302147123336115,0.4881499450842944,1.9576058194580161,0,1.9576058194580161,14
1.012643767051447,0.6098562003564965,0.4027875666949505,1.634533071228468,0,1.634533071228468,14
0.6554594862188395,0.2934834290350106,0.36197605718382897,1.448289977516204,0,1.448289977516204,14
0.9085042233515662,0.40415320300307656,0.5043510203484896,1.6904277899615363,0,1.6904277899615363,14
0.7702687133283934,0.4270520800019929,0.34321663332640057,1.4303390124737096,0,1.4303390124737096,14
1.8691726092860774,1.4418556605986148,0.4273169486874626,1.765096392968949,0,1.765096392968949,14
1.3484162151808414,0.7607953078658953,0.5876209073149461,1.5424722907931545,0,1.5424722907931545,14
0.6070191393683566,0.284228748928984,0.3227903904393726,1.644676149007213,0,1.644676149007213,14
0.8869466737098388,0.39607910422714265,0.490867569482696,1.563499031493669,0,1.563499031493669,14
1.060569234600756,0.7701564568342537,0.2904127777665024,1.7049813930212219,0,1.7049813930212219,14
1.544821084879049,1.0845334649724432,0.4602876199066056,2.0278439991163766,0,2.0278439991163766,14
1.8179231260783921,1.0412498912248902,0.7766732348535017,1.5554992700874835,0,1.5554992700874835,14
2.5408283974880406,0.6682834358876087,1.8725449616004317,1.8536104457162836,0,1.8536104457162836,14
1.0975423887236118,0.5065312356797593,0.5910111530438525,1.9024087351532037,0,1.9024087351532037,14
0.7976591095021458,0.25671390374978503,0.5409452057523607,1.5292168525208722,0,1.5292168525208722,14
2.109418782355519,1.2180808354815778,0.8913379468739416,1.7699303658035999,0,1.7699303658035999,14
1.3225288773613952,0.8124009331168809,0.5101279442445144,1.6007330510367055,0,1.6007330510367055,14
1.6570248212163086,0.9974568279686042,0.6595679932477044,1.802719257645459,0,1.802719257645459,14
0.5116802280969527,0.15170096844476125,0.35997925965219146,1.4569228095793845,0,1.4569228095793845,14
2.4421220079123858,1.4366191548683804,1.0055028530440053,2.6111200405847566,0,2.6111200405847566,14
1.1554439711205284,0.3088027227562665,0.846641248364262,1.6550868078570802,0,1.6550868078570802,14
1.811886486974195,0.955918394378301,0.8559680925958939,1.9784496441723027,0,1.9784496441723027,14
1.467685683119148,0.6762893160092465,0.7913963671099016,1.9301547967921473,0,1.9301547967921473,14
1.1556624086155414,0.08994085062728005,1.0657215579882613,1.448978860641339,0,1.448978860641339,14
0.9312136372820082,0.5450477129518919,0.3861659243301164,1.6536103485432885,0,1.6536103485432885,14
0.6366814764851532,0.22253911529615222,0.41414236118900105,1.543920561057048,0,1.543920561057048,14
1.5074590274566193,0.6891227555585813,0.8183362718980381,1.653788559379261,0,1.653788559379261,14
1.230768490366716,0.552569039368838,0.6781994509978779,1.877217233994625,0,1.877217233994625,14
2.4231952988254952,1.4945869430157679,0.9286083558097271,1.9775790185866673,0,1.9775790185866673,14
1.0786145574505568,0.6142423773055247,0.46437218014503223,1.526790170876232,0,1.526790170876232,14
2.857075911336965,1.310947050265474,1.5461288610714912,1.5288787587444626,0,1.5288787587444626,14
2.6978659036646575,1.3393046379807498,1.3585612656839072,2.2523132915640747,0,2.2523132915640747,14
0.6835572286307574,0.1559581217443345,0.5275991068864228,1.4280724493418009,0,1.4280724493418009,14
0.6400238986506633,0.1798096946590246,0.4602142039916387,1.4636285186472384,0,1.4636285186472384,14
0.8308467583273615,0.37679584738827077,0.4540509109390908,1.5078619282791226,0,1.5078619282791226,14
1.2319722234852957,0.6031762745567296,0.6287959489285658,1.6573663828341534,0,1.6573663828341534,14
2.1035808547271397,1.3179104863565727,0.7856703683705671,2.404536786007854,0,2.404536786007854,14
0.9695010316027339,0.25836178583314084,0.7111392457695933,1.5201094410053322,0,1.5201094410053322,14
1.6482488655977472,0.892447437908405,0.7558014276893422,3.186342551130842,0,3.186342551130842,14
3.8668653808412587,2.56215481751144,1.3047105633298182,1.7028854500368595,0,1.7028854500368595,14
1.6158696129030108,0.9648362018286003,0.6510334110744106,1.7928636136649396,0,1.7928636136649396,14
0.8407521760636965,0.27033502585496527,0.5704171502087312,1.513875750013645,0,1.513875750013645,14
0.6029535891255311,0.2656573795560302,0.3372962095695008,1.4144020102504142,0,1.4144020102504142,14
1.822867923872107,0.9592721486466229,0.8635957752254841,1.6682224178991785,0,1.6682224178991785,14
1.1992048249351521,0.5014174979357873,0.6977873269993649,1.847193859993054,0,1.847193859993054,14
0.9445383016883135,0.6863310755063201,0.2582072261819933,1.5458736386504446,0,1.5458736386504446,14
0.993100224109683,0.33856780855069046,0.6545324155589926,1.5302188464923072,0,1.5302188464923072,14
1.0753063440894728,0.37613030938343295,0.69917603470604,1.6485958459386585,0,1.6485958459386585,14
1.607540355138233,1.0600853864477373,0.5474549686904957,1.7771273083917278,0,1.7771273083917278,14
1.2235108987347887,0.6958614049441956,0.5276494937905931,1.6614090986416994,0,1.6614090986416994,14
0.849210249619582,0.31112577952309045,0.5380844700964917,1.5751135800690872,0,1.5751135800690872,14
2.326122639454762,0.9606090929218392,1.3655135465329225,1.5524832811691618,0,1.5524832811691618,14
1.5067461163609526,0.8364448116863966,0.6703013046745558,1.9362816154618852,0,1.9362816154618852,14
2.296565495801224,1.3039035393513152,0.9926619564499087,1.7698830062617263,0,1.7698830062617263,14
1.1193464028186377,0.680246529485542,0.4390998733330957,1.473855994990966,0,1.473855994990966,14
0.9059652480976778,0.5448402932166646,0.36112495488101315,1.5314204924243668,0,1.5314204924243668,14
0.7359620823723177,0.24409772212753078,0.49186436024478686,1.4767282203638414,0,1.4767282203638414,14
2.690493302373694,1.9057608126746006,0.7847324896990931,1.7844068464496103,0,1.7844068464496103,14
1.4148608669060685,0.6472843477677194,0.7675765191383491,1.462538817621281,0,1.462538817621281,14
1.4841910353925458,0.8047357026710947,0.6794553327214508,1.8595307882040708,0,1.8595307882040708,14
1.484570230543449,0.775575282512994,0.7089949480304553,1.5655802987579692,0,1.5655802987579692,14
1.5778452355236936,0.5716385294771138,1.00620670604658,1.6332158085305462,0,1.6332158085305462,14
1.8386231493378606,1.0655309594376476,0.773092189900213,1.5656197712457067,0,1.5656197712457067,14
1.7274331546493618,1.11150299811628,0.6159301565330815,1.7424359822105095,0,1.7424359822105095,14
1.396438431570764,1.0678432926152062,0.32859513895555786,1.5292676470770048,0,1.5292676470770048,14
1.1260779335986606,0.7489006564674336,0.377177277131227,1.6066621929325384,0,1.6066621929325384,14
1.9238534592515968,1.2251487106044647,0.6987047486471323,1.491996620494076,0,1.491996620494076,14
0.8907184948402582,0.33815104869540724,0.552567446144851,1.534200001723786,0,1.534200001723786,14
1.0371946795033882,0.42378134125468153,0.6134133382487066,1.537305648928654,0,1.537305648928654,14
1.2650704545671165,0.6752637728314748,0.5898066817356418,1.5258305749232552,0,1.5258305749232552,14
1.0969594965404983,0.48740679784586266,0.6095526986946356,1.5664862459570088,0,1.5664862459570088,14
1.4336187061241508,0.7828870567458636,0.6507316493782872,1.7864936863026581,0,1.7864936863026581,14
0.750101919090446,0.2915797256775291,0.45852219341291695,1.5573724251504852,0,1.5573724251504852,14
1.9848812257019863,0.6040842690580077,1.3807969566439782,1.6353619953875764,0,1.6353619953875764,14
0.9126467154473766,0.20133550380966414,0.7113112116377124,1.6204178208639746,0,1.6204178208639746,14
1.5479254701315384,0.7793921213272266,0.768533348804312,1.9782015141094402,0,1.9782015141094402,14
1.5561838547509073,0.8034387342530261,0.7527451204978812,1.5917178158509744,0,1.5917178158509744,14
2.4793785296704716,1.662822450411014,0.8165560792594572,1.8309154127975498,0,1.8309154127975498,14
1.5454573887283756,1.0154679693637776,0.5299894193645982,1.5951544917243785,0,1.5951544917243785,14
1.971762343617619,1.6642603043383177,0.3075020392793014,1.573683952607542,0,1.573683952607542,14
1.3332317946735595,1.0871800157451659,0.24605177892839325,1.6100658867629465,0,1.6100658867629465,14
0.9337929707619963,0.45016193916998914,0.48363103159200727,1.4469345826985978,0,1.4469345826985978,14
0.7897836337256395,0.4421387675610378,0.3476448661646015,1.468869190223882,0,1.468869190223882,14
2.5778849152916474,1.24584524364524,1.332039671646407,2.0548724275059618,0,2.0548724275059618,14
1.7324898500208317,1.0726842587644037,0.659805591256428,1.714900230341021,0,1.714900230341021,14
2.12770561847744,0.9102126239403172,1.2174929945371231,1.7922431772200338,0,1.7922431772200338,14
1.8630673822926287,1.2415960333885616,0.6214713489040671,1.7246111713074666,0,1.7246111713074666,14
1.4396617240927294,0.6053279236496876,0.8343338004430417,1.6849572293425903,0,1.6849572293425903,14
1.6921185277622701,1.052162014951963,0.6399565128103071,2.5173666117512923,0,2.5173666117512923,14
1.1276098290339458,0.5290647393638042,0.5985450896701415,1.581674737107069,0,1.581674737107069,14
0.7542798531560808,0.6643797070760871,0.08990014607999375,1.4615063947663258,0,1.4615063947663258,14
1.0429799374085849,0.5399727969352934,0.5030071404732914,1.680277079273023,0,1.680277079273023,14
1.888988995616948,1.0691267981835901,0.819862197433358,2.33335770200294,0,2.33335770200294,14
1.24686177738932,0.4796991227821152,0.7671626546072047,1.8569756738149328,0,1.8569756738149328,14
2.6405979235646266,0.5683852267151317,2.072212696849495,2.399131263148513,0,2.399131263148513,14
1.0101007212370114,0.6003547063531358,0.40974601488387585,1.7104950970221275,0,1.7104950970221275,14
0.9338746317248774,0.23742777935198917,0.6964468523728882,1.4373881346277833,0,1.4373881346277833,14
1.1179795802616526,0.6862403668510121,0.43173921341064037,1.6571005997816484,0,1.6571005997816484,14
1.3555223346932268,0.7609844362862375,0.5945378984069891,1.6036425409193462,0,1.6036425409193462,14
1.0892429600188567,0.6360955691286614,0.4531473908901953,1.493296973066418,0,1.493296973066418,14
1.379889578759011,0.8286207293445849,0.5512688494144262,1.5986367972380768,0,1.5986367972380768,14
1.80838795619315,0.7321385293515457,1.076249426841604,4.431803857741375,0,4.431803857741375,14
1.231586940722109,0.47629699630246025,0.7552899444196488,1.5215863845414654,0,1.5215863845414654,14
1.1877570247011453,0.7246275687452495,0.46312945595589583,1.6041994746578092,0,1.6041994746578092,14
1.0453601799581262,0.46584884226888,0.579511337689246,1.7597622795527834,0,1.7597622795527834,14
1.5239194272160892,0.6613213953565431,0.8625980318595461,2.282610980820493,0,2.282610980820493,14
2.059485719434532,0.7465293257897814,1.3129563936447508,1.5607722003178133,0,1.5607722003178133,14
1.9022538098393225,1.0867714724257964,0.8154823374135258,1.9590891408120419,0,1.9590891408120419,14
1.0716610495861811,0.6633991689073171,0.40826188067886415,1.5444526648910075,0,1.5444526648910075,14
1.0737825286486222,0.6112485067416807,0.46253402190694154,1.4271164049191145,0,1.4271164049191145,14
2.0345977724673046,0.8785987150607946,1.1559990574065102,1.8488631784847671,0,1.8488631784847671,14
1.1914423387999618,0.5576400074145563,0.6338023313854054,1.591656596485618,0,1.591656596485618,14
1.2534969256243311,0.20190221219772103,1.0515947134266102,1.5635873570195853,0,1.5635873570195853,14
2.3667102722025133,0.9672865854695198,1.399423686732994,1.70890608531736,0,1.70890608531736,14
0.6178649941456357,0.19800985326773726,0.4198551408778984,1.456239261825449,0,1.456239261825449,14
1.8337482200569566,0.7979481519781668,1.0358000680787898,1.511867133378849,0,1.511867133378849,14
1.3426682962715175,0.541791380280102,0.8008769159914157,1.8951369906192683,0,1.8951369906192683,14
1.8236109096286064,0.495392532778154,1.328218376850452,1.5484152115176257,0,1.5484152115176257,14
1.3772230354532453,0.5586856040841321,0.8185374313691132,2.5749758030489196,0,2.5749758030489196,14
0.7624040625171363,0.24864188500173767,0.5137621775153987,1.4406783278374993,0,1.4406783278374993,14
2.13727201628544,1.289000179221895,0.8482718370635449,1.7251067889214358,0,1.7251067889214358,14
2.384671795623919,1.3245999777937538,1.0600718178301658,2.3967533533250998,0,2.3967533533250998,14
1.931202860648547,0.8914557491403123,1.0397471115082342,2.387873744546398,0,2.387873744546398,14
1.8344447814460438,1.1700027974322247,0.6644419840138194,1.6353686196614725,0,1.6353686196614725,14
0.9962569580117091,0.34650171759184584,0.6497552404198632,1.5347918366846138,0,1.5347918366846138,14
1.407316150031546,0.7573650197589887,0.6499511302725576,1.7214992699533456,0,1.7214992699533456,14
1.4072143577709353,0.7236025304326501,0.6836118273382852,1.941041627066826,0,1.941041627066826,14
0.8296660072156744,0.23806848706724135,0.591597520148433,1.5593587541246339,0,1.5593587541246339,14
1.7970568784547938,1.040511490032748,0.7565453884220458,1.7007172781710556,0,1.7007172781710556,14
3.269444660285254,1.7406128728839545,1.5288317874012995,1.948912271617007,0,1.948912271617007,14
2.51727370086397,1.4568743743828092,1.0603993264811606,1.6796325409083503,0,1.6796325409083503,14
4.32801883894016,2.2728800615412963,2.0551387773988647,2.6340336362845087,0,2.6340336362845087,14
1.4725807600269978,1.0633214470465067,0.4092593129804911,1.6306435912629915,0,1.6306435912629915,14
1.4668082972565,0.5403535466153836,0.9264547506411165,1.7546183356550358,0,1.7546183356550358,14
0.7800122541764386,0.39886213653309427,0.3811501176433444,1.413746509196836,0,1.413746509196836,14
0.9323907186295902,0.5549627784306405,0.3774279401989499,1.5485684022579012,0,1.5485684022579012,14
1.5427520251208078,0.7053024543306587,0.8374495707901491,1.610183625660095,0,1.610183625660095,14
2.2306497255232247,1.2352036805633957,0.9954460449598289,1.7976564919163502,0,1.7976564919163502,14
1.4702063195533173,0.6112715212435614,0.8589347983097558,1.5559851826479985,0,1.5559851826479985,14
1.3103758612941059,0.5488048806616472,0.7615709806324586,1.6449773594670796,0,1.6449773594670796,14
0.8916124400677643,0.4105314044342012,0.4810810356335631,1.6606861892337963,0,1.6606861892337963,14
1.2102023340858121,0.7901726929629777,0.42002964112283436,1.6069824941983928,0,1.6069824941983928,14
1.4640848793895165,0.5972603313515611,0.8668245480379553,1.5288830871789292,0,1.5288830871789292,14
0.8320444207317733,0.1785329192337845,0.6535115014979888,1.4210574512337049,0,1.4210574512337049,14
0.8392215417995853,0.4999418718399058,0.33927966995967945,1.5060212861192503,0,1.5060212861192503,14
1.387452742888954,1.0402914815127182,0.3471612613762358,1.6357134622282097,0,1.6357134622282097,14
0.836983854870195,0.3400319109894568,0.4969519438807382,1.4128367778317572,0,1.4128367778317572,14
1.6294739571516053,0.7314514215119483,0.8980225356396572,1.4466262285317493,0,1.4466262285317493,14
1.2408746768731842,0.6798022840167228,0.5610723928564612,1.5088439028290108,0,1.5088439028290108,14
1.9223197110316597,1.0587912785098155,0.863528432521844,1.5723471172868932,0,1.5723471172868932,14
0.22221084337150934,0.06512454850500407,0.15708629486650524,1.4094939795485453,0,1.4094939795485453,14
1.7758817329440735,0.6870410670595448,1.0888406658845287,2.37741268078204,0,2.37741268078204,14
2.053002670045746,0.9175422666346962,1.13546040341105,1.7162019634387875,0,1.7162019634387875,14
1.8457754478465613,0.5997418042934319,1.2460336435531296,1.7740668832356454,0,1.7740668832356454,14
1.2055985070019484,0.46357297392483826,0.7420255330771102,1.5959772405926396,0,1.5959772405926396,14
1.2418155323421016,0.5891243372241529,0.6526911951179487,1.5263492745775542,0,1.5263492745775542,14
1.533148475745407,1.1791233265375793,0.3540251492078278,1.6764596990975265,0,1.6764596990975265,14
1.285374156456962,0.6851141640733407,0.6002599923836217,1.8305899438239654,0,1.8305899438239654,14
1.1093555345573298,0.163349114125629,0.9460064204317009,1.5724750776995664,0,1.5724750776995664,14
1.5038738605096609,0.8812413622911721,0.6226324982184888,1.9079975043365003,0,1.9079975043365003,14
1.620974112810684,0.7360979902044019,0.884876122606282,1.8191636920351413,0,1.8191636920351413,14
1.3335456609235599,0.490017954924698,0.843527705998862,1.5789958186737394,0,1.5789958186737394,14
1.361771639918793,0.4938725579387226,0.8678990819800704,1.6332779072682324,0,1.6332779072682324,14
1.6794405271767285,0.946018816869782,0.7334217103069464,1.9888500996445042,0,1.9888500996445042,14
0.7832642318124414,0.3210775286334854,0.46218670317895616,1.4846288116137099,0,1.4846288116137099,14
1.6940822229300287,1.0091806052577441,0.6849016176722849,1.716295876118905,0,1.716295876118905,14
1.0858682364968688,0.2070312192756415,0.8788370172212274,1.5477574013840314,0,1.5477574013840314,14
1.0789489941710748,0.42941138528701916,0.6495376088840557,1.4345669222745454,0,1.4345669222745454,14
1.5129132699734118,0.8608463744840268,0.6520668954893851,1.7118819506124963,0,1.7118819506124963,14
1.196112995180455,0.5207298742863384,0.6753831208941168,1.5408236759383525,0,1.5408236759383525,14
1.2136411347236624,0.828301987630679,0.3853391470929836,1.700494944212503,0,1.700494944212503,14
1.0792941351630365,0.33775440637967796,0.7415397287833587,1.5040875643408933,0,1.5040875643408933,14
1.3558132158514016,0.7366409782843888,0.6191722375670126,1.7404556093804928,0,1.7404556093804928,14
1.0942179897843392,0.47703431739710933,0.6171836723872297,1.5729959292462259,0,1.5729959292462259,14
1.8203263254963207,0.623782049290874,1.1965442762054463,1.695247831847801,0,1.695247831847801,14
0.9384145612866167,0.43120539633054544,0.5072091649560713,1.727897855891396,0,1.727897855891396,14
1.9526106906628682,0.6788580606520613,1.2737526300108066,1.6286614183850248,0,1.6286614183850248,14
0.722210449471554,0.5329133849999547,0.1892970644715993,1.4722935184894914,0,1.4722935184894914,14
0.6546433802701288,0.29555335041131015,0.35909002985881866,1.4679022018661094,0,1.4679022018661094,14
0.6900161392258962,0.2565297677760872,0.43348637144980906,1.5557473374512942,0,1.5557473374512942,14
0.981442491691348,0.5886331773518035,0.39280931433954447,1.7155233229794289,0,1.7155233229794289,14
1.970107132223547,0.884219586071429,1.085887546152118,2.43936450395999,0,2.43936450395999,14
1.2801403008426167,0.6442699836184701,0.6358703172241469,1.561213944020031,0,1.561213944020031,14
1.1146443180931511,0.5254120954004469,0.5892322226927045,1.481391473077267,0,1.481391473077267,14
0.7132920490988082,0.415401189954224,0.2978908591445842,1.5604562841809058,0,1.5604562841809058,14
1.6691348615321977,0.7754011060273385,0.893733755504859,1.5933340341201339,0,1.5933340341201339,14
1.5528027650234992,0.8885490358765458,0.6642537291469537,1.496200089928048,0,1.496200089928048,14
1.2590981202762799,0.42245830798930056,0.8366398122869794,1.829445643543894,0,1.829445643543894,14
1.3822240948015823,0.5439073002830961,0.8383167945184861,3.13811745770629,0,3.13811745770629,14
3.5745345793686614,1.4340051103011477,2.1405294690675136,2.493690594136705,0,2.493690594136705,14
2.0101909142624317,1.6124455859454099,0.39774532831702175,1.6459750932520691,0,1.6459750932520691,14
2.293399274872704,1.4566523320481837,0.8367469428245206,1.5270773183075497,0,1.5270773183075497,14
0.6127556132679438,0.37610294307830705,0.2366526701896368,1.427063074888379,0,1.427063074888379,14
1.0416431007241682,0.44499123276677643,0.5966518679573919,1.536993585914645,0,1.536993585914645,14
0.7455379494191628,0.2885495266107414,0.45698842280842134,1.4744556173685603,0,1.4744556173685603,14
2.3953999919210798,1.304443852383063,1.0909561395380167,1.7204903590441838,0,1.7204903590441838,14
0.7391437038559077,0.4290759744677007,0.3100677293882068,1.4797693460520702,0,1.4797693460520702,14
0.7887946383708712,0.45272176241637957,0.3360728759544916,1.5498134295049273,0,1.5498134295049273,14
1.7781351025352106,1.236106622446641,0.5420284800885695,1.4983944118813257,0,1.4983944118813257,14
0.7122155107144661,0.23036742694773116,0.4818480837667348,1.5454225142316167,0,1.5454225142316167,14
1.1468584440365357,0.47038094204127817,0.6764775019952576,1.5089026690860572,0,1.5089026690860572,14
1.4445807560082244,0.4470370439295431,0.9975437120786815,1.850626949160578,0,1.850626949160578,14
0.9041162607344888,0.1780654714729164,0.7260507892615724,1.471813220224915,0,1.471813220224915,14
2.1931043505408314,1.0344433640450335,1.158660986495798,2.3194511886252855,0,2.3194511886252855,14
1.6136330379386044,0.8404588141511831,0.7731742237874215,1.7437762323232722,0,1.7437762323232722,14
3.1150053105194613,1.9028614664594716,1.2121438440599899,2.372226869053457,0,2.372226869053457,14
0.41637240721330976,0.13539060150721788,0.28098180570609194,1.4116830436333856,0,1.4116830436333856,14
1.1960542182160712,0.6588874342129774,0.5371667840030938,1.8821394100783642,0,1.8821394100783642,14
0.9379848424048299,0.6024545720909402,0.3355302703138897,1.5696170711179467,0,1.5696170711179467,14
1.4726191480289463,0.585885508400748,0.8867336396281984,1.4751496566498965,0,1.4751496566498965,14
1.3414392618592181,0.9119406634247896,0.42949859843442867,1.7661355339980727,0,1.7661355339980727,14
0.8796058507516393,0.4279129571838705,0.4516928935677689,1.8457976122197828,0,1.8457976122197828,14
1.3182996364315962,0.661196256102754,0.6571033803288421,1.6203334983318824,0,1.6203334983318824,14
1.231950827482584,0.5910898035563771,0.6408610239262071,1.5065605595986917,0,1.5065605595986917,14
0.4163019722450121,0.24180557211527387,0.17449640012973822,1.4201476887508802,0,1.4201476887508802,14
1.0723603843659744,0.8112931818022214,0.261067202563753,1.4988234360719326,0,1.4988234360719326,14
1.0679753840991633,0.8059499972006171,0.26202538689854604,1.5082975220053643,0,1.5082975220053643,14
2.2038616435245197,0.7690217420371817,1.434839901487338,1.5915605241117716,0,1.5915605241117716,14
1.7143468470268965,0.8005849649063508,0.9137618821205459,2.001905985832461,0,2.001905985832461,14
1.2027422182350804,0.763462329264214,0.43927988897086667,1.7104568369415782,0,1.7104568369415782,14
2.3557045244124373,0.4644221274141038,1.8912823969983334,1.821871433387796,0,1.821871433387796,14
1.2002893418671134,0.6386403443835276,0.5616489974835857,2.139207796556939,0,2.139207796556939,14
1.895020146087213,0.4167938587835879,1.4782262873036247,1.8891372106287057,0,1.8891372106287057,14
1.9207832093172748,1.0783647095305564,0.8424184997867183,1.6382508448524549,0,1.6382508448524549,14
1.5248179103475104,0.76823809853934,0.7565798118081702,1.7645419219797698,0,1.7645419219797698,14
2.2903885427673547,1.1789913630319169,1.1113971797354378,2.6734383869478693,0,2.6734383869478693,14
1.0369563542291171,0.6513616578179721,0.3855946964111452,1.6309788352245165,0,1.6309788352245165,14
1.6587468201940707,1.0511307422792693,0.6076160779148014,1.577420750556037,0,1.577420750556037,14
0.7211385146316951,0.3552224403284257,0.36591607430326945,1.458799310907505,0,1.458799310907505,14
2.211255659685926,1.189931032972714,1.0213246267132121,1.8639013750761335,0,1.8639013750761335,14
1.442889655990933,0.8334871604005147,0.6094024955904185,1.8279331902712905,0,1.8279331902712905,14
0.7104155013901832,0.3529039375746765,0.35751156381550664,1.6222521017174323,0,1.6222521017174323,14
1.4089796162035475,0.8656427111929099,0.5433369050106374,1.725911550825212,0,1.725911550825212,14
1.482088953197272,0.8094962055208696,0.6725927476764025,1.5737696185888077,0,1.5737696185888077,14
3.3789170382921987,2.095439314255527,1.2834777240366715,2.0452902742119123,0,2.0452902742119123,14
0.9538155709214124,0.6779685059064064,0.2758470650150059,1.5733088129316501,0,1.5733088129316501,14
0.9468733788264061,0.5657790982974866,0.3810942805289195,1.4350627233754143,0,1.4350627233754143,14
0.7690391091179197,0.6268321370838266,0.14220697203409302,1.493538158758687,0,1.493538158758687,14
2.305052087356534,0.9510910620030975,1.353961025353436,2.179676000867786,0,2.179676000867786,14
1.000299822034291,0.2820417392729014,0.7182580827613897,1.4625387315184288,0,1.4625387315184288,14
0.7197036741361155,0.47519970003246137,0.24450397410365401,1.486683693046684,0,1.486683693046684,14
0.7473591818661806,0.5697880472986454,0.1775711345675351,1.5085436334530624,0,1.5085436334530624,14
1.5422061300337848,0.2923633229775864,1.2498428070561984,1.5776516511016974,0,1.5776516511016974,14
0.8654772380688494,0.7152119796273578,0.1502652584414914,1.6896802977022034,0,1.6896802977022034,14
1.1660038010478764,1.001701406163227,0.16430239488464934,1.4990548491953541,0,1.4990548491953541,14
1.358668923279615,0.6553401825151277,0.7033287407644873,1.62036016610265,0,1.62036016610265,14
1.921101636920993,0.9486952046131691,0.9724064323078236,2.7127419442981147,0,2.7127419442981147,14
0.6310860701595652,0.2459098012200198,0.38517626893954543,1.4348204095117265,0,1.4348204095117265,14
0.4664977319919067,0.18403483168440166,0.282462900307505,1.4069687699773126,0,1.4069687699773126,14
0.585428940302291,0.2696620334005704,0.31576690690172055,1.4857550996653768,0,1.4857550996653768,14
2.6770047559415335,1.4588610053925921,1.218143750548942,1.6507525252658344,0,1.6507525252658344,14
1.3542913306934667,0.42303115133403235,0.9312601793594343,1.738573137253518,0,1.738573137253518,14
0.8953109675326221,0.49574362649206594,0.3995673410405561,1.5612511413336922,0,1.5612511413336922,14
1.4079629093598136,0.5730145006198241,0.8349484087399897,1.7158153267084284,0,1.7158153267084284,14
1.1729854688493293,0.48606885542230654,0.6869166134270224,1.6210258881420407,0,1.6210258881420407,14
1.2198923476632757,0.5005270981356261,0.7193652495276495,1.9171732526261605,0,1.9171732526261605,14
1.6562248023985344,0.6397539268209945,1.0164708755775398,1.632249877568492,0,1.632249877568492,14
0.9453244686052159,0.28544951155540477,0.6598749570498111,1.4499741100211385,0,1.4499741100211385,14
0.6609421337048783,0.3124559471799937,0.3484861865248845,1.536868488786584,0,1.536868488786584,14
0.8677332562670368,0.2896100974284444,0.5781231588385924,1.8785471139210073,0,1.8785471139210073,14
1.0012523630921155,0.5775263023980621,0.4237260606940534,1.51418085530086,0,1.51418085530086,14
2.4761110428094377,1.0609592279286097,1.4151518148808275,1.924613144023306,0,1.924613144023306,14
1.2640633281743003,0.47941405578537943,0.7846492723889208,1.6293894405711562,0,1.6293894405711562,14
1.0123306286683744,0.5823640430310544,0.4299665856373198,1.5108493377854866,0,1.5108493377854866,14
1.2945368107706334,0.7298653476426431,0.5646714631279902,1.8207665575208904,0,1.8207665575208904,14
0.8756139884748798,0.3338652249669167,0.5417487635079632,1.5521107368675762,0,1.5521107368675762,14
0.8390870194801157,0.3805173911107125,0.4585696283694031,1.5070455014273454,0,1.5070455014273454,14
1.7807352330496307,1.0796027669608674,0.7011324660887632,1.4762106665377936,0,1.4762106665377936,14
1.0069837256062226,0.5425911263220723,0.46439259928415055,1.6530777107475698,0,1.6530777107475698,14
0.7073063045969904,0.5167290581262087,0.19057724647078167,1.4933820223328114,0,1.4933820223328114,14
1.3038285886741872,0.521816440412117,0.7820121482620701,1.8908116495962768,0,1.8908116495962768,14
1.7030146529286505,0.700738991220063,1.0022756617085877,1.6771111968472825,0,1.6771111968472825,14
1.242828967337104,0.6554378257023393,0.5873911416347646,2.1494968536859065,0,2.1494968536859065,14
2.0419828362201238,0.8302517416736594,1.2117310945464643,1.5732298868886272,0,1.5732298868886272,14
0.6934680062181992,0.5029698744371747,0.19049813178102445,1.4356554309573664,0,1.4356554309573664,14
1.6694330553916779,1.1423625668516424,0.5270704885400354,1.5269376984160539,0,1.5269376984160539,14
1.271373053518301,1.0342578883460392,0.23711516517226155,1.5449815036256924,0,1.5449815036256924,14
1.3721880758712428,0.6153658366905297,0.7568222391807132,1.8303674262710328,0,1.8303674262710328,14
1.1435325813921633,0.5933647010037906,0.5501678803883728,1.4944851887201878,0,1.4944851887201878,14
1.0844356273566325,0.5383018910642694,0.546133736292363,1.8375953820830229,0,1.8375953820830229,14
1.056159721633714,0.5039611448061372,0.5521985768275768,1.8754841004297937,0,1.8754841004297937,14
1.163564439031199,0.5612185378477113,0.602345901183488,1.8765694857834334,0,1.8765694857834334,14
1.5492917872175564,0.8927417346798517,0.6565500525377046,1.4991679110781906,0,1.4991679110781906,14
1.3636747455510285,0.6655589219801975,0.6981158235708309,1.6998108179496392,0,1.6998108179496392,14
3.8551630387427305,2.023516520203718,1.8316465185390114,1.5488273922541955,0,1.5488273922541955,14
1.7208821239712988,0.983571423678027,0.737310700293272,1.689797300021993,0,1.689797300021993,14
1.1580697747076674,0.721642796143814,0.4364269785638534,1.4588922044826973,0,1.4588922044826973,14
1.3781244075869878,0.8205016244390344,0.5576227831479533,1.5842932172393804,0,1.5842932172393804,14
1.7876158084237928,1.0396335941700476,0.7479822142537447,1.5193149884632438,0,1.5193149884632438,14
1.2814997979970781,1.0723764527470059,0.2091233452500721,1.5429284628504953,0,1.5429284628504953,14
1.7982260617019088,0.9063071558374917,0.891918905864417,1.6555154362682472,0,1.6555154362682472,14
1.689264218316898,0.5961422596556305,1.0931219586612673,1.8870004215571736,0,1.8870004215571736,14
2.260925198349565,1.1094146467239658,1.1515105516255988,2.249732772602737,0,2.249732772602737,14
1.1980498386354712,0.7899060996776052,0.40814373895786593,1.5978872900502292,0,1.5978872900502292,14
1.4802980088721998,0.8100255595886124,0.6702724492835871,1.7158098406467066,0,1.7158098406467066,14
0.7194427281248372,0.3506770355868332,0.36876569253800406,1.5335199001047313,0,1.5335199001047313,14
1.6174676800838748,0.9897777194402011,0.6276899606436737,1.5840512823362358,0,1.5840512823362358,14
1.724029763802976,0.8733852877423474,0.8506444760606287,1.5955613073475896,0,1.5955613073475896,14
1.507448754827029,0.2820710554737357,1.2253776993532932,1.600165749966703,0,1.600165749966703,14
1.2970748186506336,0.7046282530756195,0.5924465655750142,1.4878319945851946,0,1.4878319945851946,14
0.8746710184590821,0.46817306974434975,0.4064979487147324,1.5529860873288892,0,1.5529860873288892,14
1.474182272942746,0.8150053022148953,0.6591769707278508,4.419062801596645,0,4.419062801596645,14
0.7110589189167571,0.4073522804412343,0.3037066384755229,1.5288643928395622,0,1.5288643928395622,14
0.5992494974544175,0.3174472157363467,0.28180228171807076,1.4586857656589018,0,1.4586857656589018,14
1.0507119243933647,0.566833492657804,0.4838784317355606,1.7363044186827723,0,1.7363044186827723,14
0.9372499277708688,0.2987058531249605,0.6385440746459081,1.4889288526051365,0,1.4889288526051365,14
0.4961592415325607,0.14798160334034752,0.34817763819221315,1.4388861869672576,0,1.4388861869672576,14
1.6310338367161084,0.7290262277568132,0.9020076089592949,1.8336968625152994,0,1.8336968625152994,14
0.6574189153369125,0.3685617465527766,0.2888571687841358,1.4971616863243051,0,1.4971616863243051,14
0.8736339381066679,0.3999754442496027,0.4736584938570651,1.6825665478465965,0,1.6825665478465965,14
0.8127215214124769,0.3545795440782401,0.4581419773342368,1.532716430598894,0,1.532716430598894,14
1.2429125741694724,0.6546492646371802,0.5882633095322921,1.7705392978122674,0,1.7705392978122674,14
3.3478246147304733,1.680992388678657,1.6668322260518165,1.9154278255102146,0,1.9154278255102146,14
1.4803876592911098,0.6074988011906441,0.8728888581004657,1.5919495381022355,0,1.5919495381022355,14
0.8810739904589415,0.3824304490958337,0.49864354136310773,1.8314194313238716,0,1.8314194313238716,14
1.1604333800373636,0.5314315586851188,0.6290018213522449,1.7135531243383693,0,1.7135531243383693,14
1.196475207855165,0.8637294319750302,0.3327457758801349,1.868832663755859,0,1.868832663755859,14
1.25190421805343,0.5530324392402897,0.6988717788131404,1.7901510135010323,0,1.7901510135010323,14
1.178443023039216,0.6351146568039614,0.5433283662352544,1.6788582524523086,0,1.6788582524523086,14
1.7931614640174174,0.810741221030151,0.9824202429872663,1.5889324069881894,0,1.5889324069881894,14
1.7794070988043544,0.7776774149405409,1.0017296838638132,1.7283384823985894,0,1.7283384823985894,14
0.9140034381026297,0.3757264035816871,0.5382770345209427,1.497669065145524,0,1.497669065145524,14
1.3519364400024756,0.7897539005874119,0.5621825394150637,3.1198795117350375,0,3.1198795117350375,14
1.1230106565428768,0.6497306272627856,0.47328002928009105,1.5988669361220333,0,1.5988669361220333,14
1.4118386354220773,0.38523487357400665,1.0266037618480703,1.6087390077471102,0,1.6087390077471102,14
1.130755903946629,0.7263536687257638,0.40440223522086516,1.583829235362411,0,1.583829235362411,14
1.4527291545065666,0.7066607632992111,0.7460683912073554,2.1836905029803884,0,2.1836905029803884,14
1.304443159253152,0.5339147798283015,0.7705283794248505,1.4891032967310598,0,1.4891032967310598,14
0.9203064597947131,0.5547234104075606,0.3655830493871526,1.4419171355769143,0,1.4419171355769143,14
2.3450037348911,1.2151798796649365,1.1298238552261637,3.5159987689359786,0,3.5159987689359786,14
1.0548597308318204,0.23605000214383262,0.8188097286879877,1.476232695386949,0,1.476232695386949,14
2.000212079711641,0.6382620766307746,1.361950003080867,2.064612109859019,0,2.064612109859019,14
2.800979860950821,1.4044949770696005,1.3964848838812212,1.7119226595562917,0,1.7119226595562917,14
1.2313887949304234,0.6798071418526119,0.5515816530778116,1.53444759780305,0,1.53444759780305,14
0.9295849920414212,0.46290729030685296,0.46667770173456824,1.546123967931811,0,1.546123967931811,14
0.7873164117208891,0.3491493250129285,0.43816708670796045,1.4829302663960364,0,1.4829302663960364,14
1.571497745349824,0.7511929705667023,0.8203047747831216,1.81660952305639,0,1.81660952305639,14
1.502964175715307,0.9858974994899611,0.5170666762253456,1.491351521272681,0,1.491351521272681,14
1.4321944677903002,0.7184274972281515,0.7137669705621488,1.7304803473142256,0,1.7304803473142256,14
2.1081320833621753,1.0027881345834466,1.105343948778729,2.176443942686988,0,2.176443942686988,14
1.1695973810847138,0.6023179988958494,0.5672793821888646,1.661494973758196,0,1.661494973758196,14
1.5316269516602488,1.0705751043971798,0.46105184726306914,1.540530243855954,0,1.540530243855954,14
1.6958276079803696,0.3972191578567067,1.298608450123663,1.5457161917278162,0,1.5457161917278162,14
1.0920262920526957,0.5715270347878612,0.5204992572648344,2.137434928513032,0,2.137434928513032,14
1.5686457715078637,0.8978642553077927,0.6707815162000709,1.5910916531563284,0,1.5910916531563284,14
2.255331290113827,1.2354807011544406,1.0198505889593865,1.5645581588624846,0,1.5645581588624846,14
1.361826779715772,0.6440202579700374,0.7178065217457343,1.6623841778139274,0,1.6623841778139274,14
0.6461089411762733,0.29662182259718517,0.3494871185790881,1.481253833311997,0,1.481253833311997,14
1.8279766603054792,1.0609786924467781,0.7669979678587011,1.9127317591149766,0,1.9127317591149766,14
1.2641708955599689,0.5791005694186173,0.6850703261413515,1.5279539843720136,0,1.5279539843720136,14
1.348119506412332,0.6833400852878839,0.664779421124448,1.4961050913270635,0,1.4961050913270635,14
2.0988837910111755,0.8796059294269722,1.2192778615842035,1.9009785694376964,0,1.9009785694376964,14
1.0629649914976027,0.5424497659973504,0.5205152255002525,1.5701025659444212,0,1.5701025659444212,14
0.6087182455621448,0.3797564536374016,0.22896179192474314,1.4666176393983648,0,1.4666176393983648,14
2.7267677906286343,1.5520474567810503,1.1747203338475845,2.273153136135124,0,2.273153136135124,14
2.66719364423243,1.6089341278299734,1.0582595164024564,1.5644607168080242,0,1.5644607168080242,14
0.9309316441359359,0.4694072603162306,0.46152438381970534,1.615938961479541,0,1.615938961479541,14
1.2230599261392283,0.28268520061533964,0.9403747255238887,1.4719990982837938,0,1.4719990982837938,14
1.0249140893013005,0.5554601561922493,0.46945393310905104,1.689798772049514,0,1.689798772049514,14
1.3985433976728319,0.5154719103062361,0.8830714873665958,1.6578726835759137,0,1.6578726835759137,14
0.7008504353283409,0.2617748906729624,0.43907554465537857,1.5389178191868045,0,1.5389178191868045,14
0.8992884296274328,0.3956706752133372,0.5036177544140956,1.4878479451674471,0,1.4878479451674471,14
1.221472297296209,0.6477488588456719,0.5737234384505372,1.4949596977125275,0,1.4949596977125275,14
1.859184537253723,1.5069570790032072,0.35222745825051566,1.5130401854014568,0,1.5130401854014568,14
1.3676991455487064,0.739899858740703,0.6277992868080037,1.5184261618929844,0,1.5184261618929844,14
0.5722869603903733,0.32490313426441064,0.24738382612596277,1.441593263343693,0,1.441593263343693,14
1.895351757403525,0.9859344475213492,0.9094173098821758,2.336978485835236,0,2.336978485835236,14
0.9580832955190228,0.5637600233042841,0.39432327221473895,1.4524075543941881,0,1.4524075543941881,14
2.4733015719644085,1.1467775915695997,1.3265239803948086,2.649621624345165,0,2.649621624345165,14
1.4653493827945963,0.93790508344504,0.5274442993495562,1.7762386711588158,0,1.7762386711588158,14
1.0693870125722855,0.507086199267794,0.5623008133044914,1.834377182381799,0,1.834377182381799,14
1.3007440626912206,0.8517509349282453,0.4489931277629754,1.5032197882360632,0,1.5032197882360632,14
1.0518882287922804,0.4966989943453699,0.5551892344469106,1.4791926142607923,0,1.4791926142607923,14
1.171070802369286,0.5111330961918767,0.6599377061774093,1.4499743299080452,0,1.4499743299080452,14
1.3114602026062627,0.741251574019077,0.5702086285871857,1.5779201629205417,0,1.5779201629205417,14
1.3335172336427417,0.5030737264744088,0.8304435071683326,1.7125938514461794,0,1.7125938514461794,14
1.2273211053656148,0.705453419917506,0.5218676854481086,1.5534256393027122,0,1.5534256393027122,14
0.5687771154940442,0.10932391459958192,0.45945320089446234,1.4128487397304317,0,1.4128487397304317,14
1.5202171463043959,1.046662303276596,0.47355484302779993,1.8027896803286125,0,1.8027896803286125,14
0.49399061631576163,0.164729750890462,0.3292608654252997,1.4496501342371624,0,1.4496501342371624,14
0.6192715914329769,0.21714234502990012,0.4021292464030768,1.5362572578095612,0,1.5362572578095612,14
1.128169857230656,0.70550621544004,0.42266364179061594,1.6727332906345378,0,1.6727332906345378,14
1.5028565360325998,0.6756362437714833,0.8272202922611165,1.488108716347095,0,1.488108716347095,14
1.2747046633173058,0.7709374992724537,0.5037671640448521,1.4569943996366435,0,1.4569943996366435,14
1.0824041235989048,0.6989911320830573,0.38341299151584757,1.668312388378029,0,1.668312388378029,14
1.2278483546108518,0.40778429785371406,0.8200640567571378,1.538088599759323,0,1.538088599759323,14
1.8048706753208386,1.1604183284272678,0.6444523468935707,1.7840979757631006,0,1.7840979757631006,14
1.7377902692029115,0.9339388754276137,0.8038513937752981,1.5805546254933311,0,1.5805546254933311,14
1.041763479450362,0.5855471084919578,0.45621637095840434,1.5048227694828036,0,1.5048227694828036,14
1.4724684746289358,1.1752234934158448,0.29724498121309095,1.6252460347957771,0,1.6252460347957771,14
3.484995636577006,1.8204664808920916,1.6645291556849147,1.8166461314240352,0,1.8166461314240352,14
1.686495654075197,0.5866237932038223,1.0998718608713747,1.55534525554937,0,1.55534525554937,14
0.926388695261676,0.5473808175567532,0.37900787770492295,1.509165726085717,0,1.509165726085717,14
2.2464751620527887,0.895567829062322,1.350907332990467,2.186005043158941,0,2.186005043158941,14
0.9190278997785147,0.4247035208573136,0.4943243789212011,1.6919680203587755,0,1.6919680203587755,14
2.133001697921931,1.1649432817140566,0.968058416207874,1.8380804251723333,0,1.8380804251723333,14
1.582805456777924,0.7134682372292093,0.8693372195487146,1.8275167795314524,0,1.8275167795314524,14
0.9410567401836946,0.4632418468149082,0.47781489336878624,1.4879207573311504,0,1.4879207573311504,14
1.0823562700215426,0.4789959898052162,0.6033602802163264,1.7958447709806118,0,1.7958447709806118,14
1.6979977266984898,0.7442576256225162,0.9537401010759736,1.9475186981533712,0,1.9475186981533712,14
1.2430698420119488,0.5726956413954872,0.670374200616462,1.5995443163728895,0,1.5995443163728895,14
1.5480849116624977,0.5959600201704991,0.9521248914919986,1.5743145818425965,0,1.5743145818425965,14
1.3741943941583827,0.6501991599187027,0.7239952342396798,1.4975278671874948,0,1.4975278671874948,14
1.3178592186443998,0.7910450133585326,0.5268142052858673,1.9268788433756632,0,1.9268788433756632,14
1.0455216070578184,0.41282991412149006,0.6326916929363283,1.5507642455780764,0,1.5507642455780764,14
0.9006515403461576,0.4861583979813806,0.41449314236477686,1.5857360545525898,0,1.5857360545525898,14
1.183603223430975,0.8933450010669736,0.2902582223640013,1.4843506996754585,0,1.4843506996754585,14
0.6897644529200998,0.25570298471482816,0.4340614682052716,1.498297033169007,0,1.498297033169007,14
1.4398263314767943,0.39509957940323776,1.0447267520735561,1.7418181636705063,0,1.7418181636705063,14
1.096474755649932,0.9395795838131511,0.1568951718367807,1.6026663207760843,0,1.6026663207760843,14
2.057498903595268,1.2381507561359284,0.8193481474593397,1.8774211966367442,0,1.8774211966367442,14
2.126242848742981,0.43288785990509293,1.693354988837888,1.7029541261697356,0,1.7029541261697356,14
0.9877468305006345,0.4124956056725879,0.5752512248280466,1.4319387998526736,0,1.4319387998526736,14
1.7167716374878959,0.9623169305935295,0.7544547068943662,3.2018731000529126,0,3.2018731000529126,14
1.6105750261620626,0.6745532937559999,0.9360217324060628,1.751728022683674,0,1.751728022683674,14
3.298508564742199,1.6292848416225554,1.6692237231196438,1.7597486217616267,0,1.7597486217616267,14
0.3969680779838677,0.09858017368863682,0.2983879042952309,1.4515315653584242,0,1.4515315653584242,14
1.950617446312442,1.5191084635727936,0.4315089827396483,1.6725568980826848,0,1.6725568980826848,14
0.5981932807885775,0.28724291891154075,0.3109503618770367,1.4530654048574654,0,1.4530654048574654,14
1.5505198257383461,1.139537928130452,0.41098189760789394,1.582535996336243,0,1.582535996336243,14
1.5856235828145464,0.7206501724542204,0.8649734103603259,1.4693877138622595,0,1.4693877138622595,14
0.8988728304819883,0.34214503022984355,0.5567278002521446,1.5327251251321492,0,1.5327251251321492,14
1.6280074708022125,0.9005381307301698,0.7274693400720427,1.6240955150888436,0,1.6240955150888436,14
1.065749114539156,0.8363471759257463,0.22940193861340943,1.6559760056907809,0,1.6559760056907809,14
1.4014923219529458,0.7931208077430835,0.6083715142098625,2.3138588813133194,0,2.3138588813133194,14
1.6789601642388596,1.2773283475508115,0.40163181668804826,2.0601178558247932,0,2.0601178558247932,14
1.263176885416374,0.7363907443785425,0.5267861410378316,1.7674691728817011,0,1.7674691728817011,14
1.1656401454138456,0.5811749123706103,0.5844652330432353,1.6088015287635735,0,1.6088015287635735,14
1.5880032435145786,0.6131427055568146,0.9748605379577636,1.5051232053783479,0,1.5051232053783479,14
1.0594853026907909,0.7166898565822665,0.3427954461085244,1.4860099681024446,0,1.4860099681024446,14
2.0132465563425037,0.761296434121497,1.2519501222210068,2.1672765896407524,0,2.1672765896407524,14
1.0539077929233818,0.42462807167759287,0.6292797212457891,1.531806283588437,0,1.531806283588437,14
1.3729070326302242,1.0108392842511655,0.36206774837905853,1.7005340197835346,0,1.7005340197835346,14
2.3067530394427402,0.9183451126817526,1.388407926760988,2.669005969525226,0,2.669005969525226,14
0.7214629929117803,0.352698981825217,0.3687640110865633,1.5761840251208745,0,1.5761840251208745,14
1.423090081819457,0.6256018704812176,0.7974882113382392,1.6439119487417229,0,1.6439119487417229,14
1.6717024832244116,0.663832710290839,1.0078697729335728,1.6338311668621333,0,1.6338311668621333,14
0.6073875952290543,0.37512973420612916,0.23225786102292512,1.5315244710875742,0,1.5315244710875742,14
1.318515908417915,0.750193552360582,0.5683223560573331,1.509871096717426,0,1.509871096717426,14
1.020718207779841,0.4941021587256509,0.52661604905419,1.4611243298641203,0,1.4611243298641203,14
1.4339628721407764,0.4961916092842357,0.9377712628565407,2.4985300197998495,0,2.4985300197998495,14
1.2396631856604197,0.8757099928292409,0.3639531928311786,1.5771431570902972,0,1.5771431570902972,14
0.7908599436867574,0.24388840133931367,0.5469715423474438,1.4663764878312655,0,1.4663764878312655,14
0.8151267824503234,0.20840078675206553,0.6067259956982579,1.482193820391,0,1.482193820391,14
0.927984085146942,0.7084605474582691,0.2195235376886728,1.5331350040661547,0,1.5331350040661547,14
0.9207240577739098,0.28704910991777505,0.6336749478561348,1.4865075426377177,0,1.4865075426377177,14
1.0435786906588338,0.6369054514129326,0.40667323924590126,1.526893605980252,0,1.526893605980252,14
0.9592746162926786,0.46459648550363575,0.4946781307890428,3.112416864483701,0,3.112416864483701,14
0.8823844420341322,0.7623729848200032,0.12001145721412906,1.4235158603275493,0,1.4235158603275493,14
0.8691611796472383,0.5268534840904461,0.3423076955567922,1.518026912929841,0,1.518026912929841,14
2.487422770475847,1.538063823483811,0.9493589469920363,1.7974728530964066,0,1.7974728530964066,14
1.497353977921322,0.8852913985822506,0.6120625793390713,1.5237054674567752,0,1.5237054674567752,14
0.9821106919690062,0.5474230736747153,0.4346876182942908,1.4659204932749184,0,1.4659204932749184,14
1.8300589079812992,0.6214887523473147,1.2085701556339845,1.9189393575901306,0,1.9189393575901306,14
1.2261502404967481,1.0691958863887572,0.1569543541079909,1.4645243709739741,0,1.4645243709739741,14
1.2155843699314026,0.6704771213473606,0.5451072485840419,1.5818117315384546,0,1.5818117315384546,14
1.758232785636403,1.2687383314675857,0.4894944541688172,1.6641335316633157,0,1.6641335316633157,14
1.7402410755819846,0.9267461944489613,0.8134948811330232,2.189842355368685,0,2.189842355368685,14
1.2116640653929227,0.32381507187853287,0.8878489935143898,1.4869039607150836,0,1.4869039607150836,14
2.840356108077372,1.757734713704042,1.0826213943733296,1.8327626345466435,0,1.8327626345466435,14
2.0641890794629227,1.2369389052970179,0.8272501741659049,1.9791683856943947,0,1.9791683856943947,14
0.9820591106277503,0.22889081483917448,0.7531682957885757,1.6279603581455528,0,1.6279603581455528,14
0.9624533662921986,0.6674130586767797,0.2950403076154189,1.4728623063539954,0,1.4728623063539954,14
2.463811724843362,0.8790757216578854,1.584736003185477,1.719870847321376,0,1.719870847321376,14
0.8416104167207548,0.3139600761702086,0.5276503405505463,1.4876238543549114,0,1.4876238543549114,14
2.873521654307417,1.8929745465805634,0.980547107726854,2.0745904977861906,0,2.0745904977861906,14
0.7349704649169377,0.4676682325621992,0.26730223235473854,1.4902266356851168,0,1.4902266356851168,14
1.108989976555196,0.5076277219654368,0.6013622545897592,1.9536242118658689,0,1.9536242118658689,14
0.3606614159932249,0.05499259325494182,0.30566882273828305,1.3925803878798324,0,1.3925803878798324,14
0.7037729753817028,0.2956241005274869,0.4081488748542159,1.4320109567271155,0,1.4320109567271155,14
1.10863990864903,0.9151647073389365,0.19347520131009338,1.6768374809849362,0,1.6768374809849362,14
1.1118475011611049,0.5964211125408888,0.5154263886202161,1.6311650896356107,0,1.6311650896356107,14
0.9081710075595275,0.6808675261529881,0.22730348140653953,1.5336011116344894,0,1.5336011116344894,14
2.178601292767949,0.9436821561448543,1.2349191366230952,2.1882722823962473,0,2.1882722823962473,14
1.3493018808504633,0.73182995811286,0.6174719227376034,1.592921069901097,0,1.592921069901097,14
1.6528207099113335,1.2547884485592922,0.3980322613520412,1.6117187115456517,0,1.6117187115456517,14
1.0953166611308256,0.6000439325629335,0.4952727285678922,1.9277866702703066,0,1.9277866702703066,14
1.4720638868313862,0.7071650610675162,0.7648988257638704,1.6333844710257828,0,1.6333844710257828,14
3.7155197055917975,1.8331196183894187,1.8824000872023787,1.8885363630541474,0,1.8885363630541474,14
3.6298997931795784,2.0297690514011992,1.6001307417783792,2.0701129782306347,0,2.0701129782306347,14
0.9662813419840025,0.5535623669908813,0.41271897499312105,1.559683013748967,0,1.559683013748967,14
0.8442935672485954,0.4616254384329427,0.3826681288156526,1.4682156087202212,0,1.4682156087202212,14
0.6532464315377299,0.2846669918093429,0.3685794397283869,1.5613569012132333,0,1.5613569012132333,14
0.9618555506989261,0.495440827277006,0.46641472342192014,1.498711545210536,0,1.498711545210536,14
1.426834597674758,0.8959089970754011,0.530925600599357,1.679689644926872,0,1.679689644926872,14
0.7412586768837722,0.46307699348089904,0.2781816834028732,1.5680578977263933,0,1.5680578977263933,14
1.0588118061119411,0.4551830499578046,0.6036287561541365,1.4927523983474225,0,1.4927523983474225,14
0.7110279791973044,0.4983786956424136,0.21264928355489093,1.4652114427808955,0,1.4652114427808955,14
0.7666773889754737,0.38566638307761475,0.38101100589785897,1.455495979896697,0,1.455495979896697,14
1.6057119701293756,0.8866731162849112,0.7190388538444645,1.7100785007437271,0,1.7100785007437271,14
1.7820143550332652,0.8227499454025795,0.9592644096306858,1.6345561474278174,0,1.6345561474278174,14
1.9585368130786656,0.9382057353908426,1.0203310776878227,1.7219008518484693,0,1.7219008518484693,14
0.6515495313684483,0.14047230181561846,0.5110772295528299,1.4205263450347827,0,1.4205263450347827,14
0.4497786021067403,0.2045404070936813,0.24523819501305913,1.4347397752462814,0,1.4347397752462814,14
0.9828038714051195,0.4456428889944879,0.5371609824106317,1.4564540933982615,0,1.4564540933982615,14
0.7274473250125341,0.36717751814658617,0.36026980686594784,1.4303143034569041,0,1.4303143034569041,14
2.325563694802064,1.1996853610659213,1.1258783337361427,1.7293926228769372,0,1.7293926228769372,14
2.2405373442820844,1.2365586619113762,1.0039786823707084,1.663881793905619,0,1.663881793905619,14
1.6214258190857267,0.8242420785703054,0.7971837405154211,1.781533960997577,0,1.781533960997577,14
0.8231562685344072,0.4535317983521284,0.36962447018227884,1.4826980102898224,0,1.4826980102898224,14
0.7761123742966521,0.38179556918686874,0.3943168051097834,1.5691219435318573,0,1.5691219435318573,14
0.6554320545365322,0.23668683300291046,0.41874522153362176,1.4791304812671955,0,1.4791304812671955,14
0.8181953373520529,0.541929816419859,0.27626552093219364,1.5453632362598948,0,1.5453632362598948,14
1.2571310257741204,0.681548403268706,0.5755826225054141,1.7549357740604536,0,1.7549357740604536,14
0.8007186525737843,0.3195166043501242,0.4812020482236601,1.4776281293809863,0,1.4776281293809863,14
1.2776064939282386,0.47314245665107213,0.8044640372771663,1.7134721891868177,0,1.7134721891868177,14
1.0375402206801894,0.5904196753382132,0.4471205453419763,1.7157555373352915,0,1.7157555373352915,14
1.2422455398257553,0.8806932507564811,0.36155228906927384,1.612493909607011,0,1.612493909607011,14
0.7796414438270481,0.5082134446010342,0.2714279992260139,1.4983997533758657,0,1.4983997533758657,14
0.6839100997668646,0.3201203227311552,0.36378977703570936,1.4954453311317477,0,1.4954453311317477,14
1.060445850883601,0.47263042253469345,0.5878154283489074,1.6395860569475609,0,1.6395860569475609,14
