"user_id","entity_1_id","entity_2_id"
"157","7783","78"
"1319","189","88"
"1207","4890","7609"
"595","395","8890"
"2005","4742","7127"
"826","3740","5862"
"1872","7109","4048"
"469","1908","3784"
"1576","1934","8487"
"1846","841","1863"
"924","4177","7873"
"1098","5120","8313"
"17","4891","4771"
"1049","6236","6853"
"1267","7452","5855"
"1353","5439","4696"
"860","5784","3337"
"1056","5816","3924"
"1057","2786","5752"
"1154","4713","5727"
"1373","6125","3440"
"2056","6316","8765"
"2085","1460","3424"
"1045","2331","3753"
"161","2638","4437"
"863","3297","369"
"353","4395","5883"
"305","4513","5254"
"151","2601","6996"
"1277","219","2906"
"941","1759","3542"
"276","4097","4257"
"353","6959","7895"
"1742","6192","8832"
"567","3177","8037"
"725","582","1316"
"2207","1467","315"
"1386","7768","1204"
"1984","4909","8260"
"1952","1536","3258"
"865","8705","7212"
"597","1523","1223"
"95","7463","7349"
"588","6382","4104"
"1878","6108","6174"
"802","4260","2472"
"2166","7502","6177"
"1904","4790","8507"
"1154","2147","7750"
"1167","6594","9036"
"1330","6556","1374"
"1956","8942","1594"
"262","5878","4062"
"865","8400","8405"
"2157","1116","7163"
"2088","2365","3291"
"1662","1852","437"
"1597","898","1865"
"864","2338","5939"
"1429","2078","1041"
"1413","1294","8697"
"2102","7504","3694"
"1567","8450","2887"
"919","4012","6809"
"1559","5609","4219"
"1990","6802","2435"
"932","6277","157"
"1254","3996","1144"
"1368","2582","8571"
"1781","6636","622"
"1509","4372","5071"
"483","2727","1523"
"2155","3088","2382"
"1920","7262","8787"
"1308","8562","1297"
"983","6375","2593"
"1980","1521","583"
"2052","6516","5137"
"1056","7762","5620"
"2179","4775","454"
"838","5757","3424"
"1665","4413","3016"
"856","826","5600"
"1297","707","3977"
"41","4257","2480"
"945","1454","5709"
"1413","2329","6855"
"1052","911","3565"
"1057","3437","4080"
"1606","2185","3293"
"1700","3565","1362"
"1182","969","5427"
"1115","870","6971"
"1563","5363","6955"
"882","7610","1269"
"2031","7153","7281"
"507","951","8582"
"989","8008","1729"
"1438","8792","562"
"1506","1840","4643"
"1979","7285","4865"
"1834","7231","2574"
"1196","8739","2216"
"938","4958","966"
"195","1568","982"
"975","3324","2308"
"1824","4582","3846"
"586","991","8895"
"1472","6340","5988"
"2139","8121","4015"
"2162","8984","8515"
"2071","4562","1586"
"1828","631","420"
"906","6588","159"
"238","3634","5747"
"1997","2394","5184"
"396","305","6715"
"695","1961","3306"
"1463","5891","8146"
"580","8951","8513"
"2139","878","1689"
"853","7554","8773"
"1214","6801","6988"
"40","5520","8473"
"2105","5215","2913"
"863","8787","5624"
"151","6640","682"
"506","8485","6159"
"212","4477","6678"
"1211","8419","1218"
"451","7294","1452"
"1973","6409","5425"
"1057","5576","1899"
"2134","5072","7054"
"652","8798","1277"
"975","2899","3505"
"842","1070","8316"
"1563","5467","5590"
"195","3537","8926"
"1","7826","8133"
"143","3657","4510"
"2132","3552","15"
"911","369","3980"
"2203","4795","7469"
"1597","5840","2314"
"889","5642","1294"
"278","5272","3611"
"1847","8869","6032"
"1007","1456","5307"
"983","1286","5324"
"518","5104","4384"
"305","3521","3956"
"601","1621","8878"
"1507","235","6339"
"2121","7891","7075"
"475","8953","8827"
"278","7877","5709"
"2027","3762","7395"
"1628","7770","4598"
"1695","8827","6275"
"1463","8457","5173"
"1968","4773","2330"
"2066","2423","7577"
"877","8657","8933"
"278","7905","7495"
"772","1004","4551"
"1559","6571","400"
"1765","2695","7991"
"1903","7077","6753"
"2031","2288","6299"
"1740","871","5243"
"1091","8439","1540"
"1371","5908","1959"
"1978","2342","5587"
"1190","3394","4711"
"1104","5708","5330"
"2182","3294","6366"
"2143","5203","4310"
"1959","7257","6159"
"1316","1849","6414"
"817","874","82"
"1052","45","3570"
"1333","7626","1632"
"372","8911","2164"
"1565","3125","7428"
"974","8108","102"
"1405","357","2351"
"353","8060","230"
"436","6581","6265"
"1602","3319","5628"
"912","8733","4586"
"1560","8631","5092"
"1132","3697","7341"
"1905","1701","4695"
"921","1008","1752"
"1969","4542","1098"
"79","4192","6764"
"1325","3030","8312"
"1116","4614","1820"
"1252","8602","205"
"1049","1448","2681"
"1613","3643","6820"
"938","126","4170"
"1509","569","2467"
"1662","2469","1938"
"860","8024","3216"
"1952","1253","1029"
"1308","4704","3806"
"1779","8679","2114"
"1713","453","5457"
"882","3812","5090"
"1144","7166","2623"
"1874","932","5033"
"366","7145","1856"
"2238","7613","8147"
"460","2619","3990"
"475","3419","7903"
"451","4663","566"
"997","4405","6470"
"872","440","2594"
"1744","7414","872"
"540","588","8607"
"1652","8670","7779"
"808","4524","8663"
"1746","5646","7320"
"1681","727","6441"
"1350","7900","6468"
"1342","473","8638"
"1615","1291","2767"
"184","1769","5289"
"2066","8786","6866"
"507","5129","6416"
"1500","2986","6188"
"1471","3590","4054"
"1387","3347","6776"
"945","7614","2292"
"1247","1878","6201"
"1320","1608","4809"
"855","2169","2935"
"2001","6821","6009"
"326","5745","7483"
"1965","3692","6980"
"1744","7570","2672"
"1708","8449","7412"
"1609","3236","7380"
"920","5008","3759"
"1627","5572","5460"
"2157","337","7564"
"178","4405","1105"
"888","386","2711"
"540","6246","2683"
"1202","2568","9038"
"1115","2160","19"
"1818","7167","1760"
"702","5855","3887"
"678","8983","1248"
"1316","7650","7850"
"1536","7764","5337"
"1847","4650","3739"
"1985","3696","670"
"538","1845","1719"
"2219","738","5284"
"541","1899","72"
"906","1329","3856"
"1785","1415","6409"
"506","4948","467"
"372","4923","8068"
"1709","2503","3631"
"2126","4119","7748"
"143","5401","5688"
"1290","472","7268"
"1504","725","2357"
"2183","4744","5794"
"1252","322","6680"
"2204","1208","6945"
"1921","5056","2883"
"1833","7651","7451"
"990","5042","1240"
"2105","2779","2478"
"1007","1495","6155"
"1270","1406","4460"
"2224","2019","8744"
"1297","6396","8852"
"1965","6381","1579"
"1864","5565","2998"
"1634","9045","1972"
"1343","7096","7949"
"1351","8937","3271"
"1289","6283","2017"
"95","2217","3026"
"2176","8576","1820"
"1043","5681","4689"
"1190","7794","6203"
"635","6883","6167"
"784","5056","8590"
"1098","6963","2963"
"692","6119","8495"
"1350","7565","7281"
"1067","6248","1716"
"1983","8616","6810"
"1655","8986","5062"
"1450","7787","3267"
"1952","7074","641"
"647","4979","1720"
"2066","2389","8990"
"552","6859","3408"
"946","8359","6303"
"1984","914","4408"
"947","7300","7968"
"93","395","5913"
"1779","822","1330"
"1938","3259","6902"
"1601","2947","2289"
"2035","1090","8750"
"1814","9034","4890"
"1609","8433","4431"
"1205","4523","8979"
"918","6876","1628"
"96","5823","4392"
"1189","359","1870"
"983","4510","4999"
"168","3824","1605"
"2006","4268","2213"
"1920","879","4612"
"1426","6798","3202"
"1049","8273","4538"
"1831","857","6942"
"17","7541","3691"
"308","5258","8793"
"636","8795","296"
"1797","4157","406"
"460","5406","3397"
"1490","6480","313"
"1334","4776","4064"
"856","176","7354"
"647","7188","2051"
"764","8873","641"
"1252","2126","6326"
"380","7248","8041"
"2182","2289","2958"
"460","3353","2526"
"1312","1225","2884"
"125","2919","7861"
"1439","8488","469"
"636","3314","214"
"666","1752","5563"
"1735","2718","7802"
"1576","7470","2921"
"2238","5034","3519"
"2015","7300","1329"
"1735","523","8772"
"898","3356","8427"
"2196","1786","4005"
"860","1171","2556"
"808","332","7601"
"1514","3370","6319"
"933","153","110"
"2029","4356","76"
"1115","6852","8998"
"2069","482","4236"
"1878","1917","8219"
"1007","5216","8600"
"1192","6397","4690"
"1177","6380","7313"
"1190","2616","8891"
"1517","5023","5481"
"1905","6071","3168"
"1151","6929","8777"
"2036","6444","8091"
"1509","2588","1934"
"974","5914","2989"
"1550","348","8521"
"96","7247","2685"
"700","9017","8914"
"692","3331","207"
"686","212","5327"
"366","8272","3156"
"540","6224","5494"
"792","4502","8359"
"1956","1042","2806"
"308","1697","3413"
"1740","7059","7942"
"1695","8019","8693"
"1051","2524","2632"
"1859","4954","524"
"1504","1077","4423"
"400","5191","3074"
"586","3856","6699"
"1382","8147","5218"
"161","5909","3141"
"1277","2575","6658"
"2085","2315","2744"
"935","4132","7225"
"501","6308","3324"
"1382","2362","4207"
"2097","4945","5894"
"326","2199","1855"
"1947","4301","4394"
"1968","4854","7935"
"1219","8707","1220"
"161","493","8111"
"942","449","1882"
"1606","5984","8791"
"1765","1155","8816"
"1545","8349","7074"
"1312","6209","1916"
"1591","2997","8234"
"1338","6236","2803"
"789","74","3785"
"962","5258","3528"
"1742","4109","5103"
"1903","5470","8392"
"1813","5856","8817"
"1585","2366","484"
"2121","8576","1229"
"2027","7331","2513"
"1622","5530","923"
"1920","8083","6983"
"1570","6323","4624"
"1133","8824","5487"
"1445","1448","4935"
"1526","1686","2200"
"1701","4781","3283"
"2059","509","805"
"1115","4484","6724"
"1043","5564","3151"
"1368","5429","1204"
"666","5190","437"
"372","7741","7075"
"995","5226","1101"
"2184","947","5037"
"2066","1939","2404"
"1316","7079","143"
"585","8213","4139"
"1127","7458","5022"
"1552","7075","3087"
"2053","8312","6355"
"79","3501","8952"
"2025","4063","8894"
"2155","5041","6162"
"869","2009","6497"
"157","4114","4846"
"686","8442","7338"
"2068","2048","903"
"2133","1258","2088"
"483","6886","4438"
"17","593","6068"
"2219","343","1976"
"568","2076","220"
"1245","5298","8112"
"1426","7363","4468"
"1763","3508","1414"
"1550","3845","5919"
"1507","2203","6382"
"2071","3432","5341"
"1154","3573","6644"
"1160","812","5979"
"1358","124","8325"
"2108","3371","8654"
"581","6821","1418"
"1550","8714","2659"
"2194","1372","385"
"635","8866","469"
"1043","2816","4538"
"2071","15","8537"
"1263","9041","172"
"898","990","4829"
"1963","5596","8157"
"889","8087","1327"
"540","5525","6040"
"1650","2892","4434"
"1056","7385","5972"
"839","3008","2350"
"1133","5217","5440"
"1514","47","7864"
"1468","2876","1862"
"2036","4864","4490"
"2036","1559","6886"
"1576","6356","4175"
"1164","7433","415"
"567","3292","2850"
"1696","1239","7866"
"1560","4642","3011"
"856","6590","2344"
"1938","2004","2707"
"2077","1204","7152"
"1162","2478","4868"
"2132","3417","452"
"974","7985","1195"
"41","2142","6436"
"1517","4964","8293"
"1074","7888","2691"
"1817","8811","4293"
"666","8844","7948"
"1048","319","3455"
"1300","6907","874"
"1526","4741","1762"
"248","6867","1707"
"1376","7162","5609"
"1211","1349","5425"
"2210","8582","214"
"2192","6467","3448"
"1817","1821","370"
"464","5480","5472"
"1907","8665","4915"
"475","4779","5474"
"1182","2548","2245"
"2014","4454","8756"
"2040","6804","5028"
"1500","8632","8169"
"1322","7118","4252"
"1387","3637","9008"
"1021","2107","3666"
"595","280","6466"
"776","3311","388"
"1468","7206","4357"
"1409","2576","4860"
"791","5098","8375"
"197","4522","672"
"1418","3843","7874"
"1581","193","2598"
"682","8727","2379"
"1869","8840","200"
"932","8922","2352"
"636","3289","3059"
"1190","612","4377"
"1300","8540","6643"
"1491","8834","2760"
"1883","4949","5940"
"880","6696","8753"
"1916","1135","8324"
"2139","7072","8698"
"151","3673","4907"
"580","745","2557"
"1976","8806","2529"
"1207","5376","3409"
"1835","3088","1644"
"1916","7703","5039"
"606","1978","8255"
"1339","6414","8710"
"195","7261","4726"
"1581","616","5149"
"1876","7081","8427"
"1456","6330","7108"
"2030","8032","7756"
"2040","7385","5261"
"1785","4244","4022"
"1384","7936","3089"
"2163","7392","253"
"178","7628","706"
"2238","285","8263"
"2151","2897","7964"
"396","7552","7385"
"1997","3829","1622"
"635","7090","8662"
"2059","6900","6412"
"678","8456","8441"
"1877","244","1888"
"315","1017","191"
"2101","2285","6054"
"2005","1786","7727"
"1509","1034","2931"
"2208","1630","6039"
"1708","4310","3708"
"855","3817","7515"
"2153","5602","2565"
"877","6892","6372"
"1196","4140","2860"
"842","2519","5016"
"917","5592","6401"
"541","363","1586"
"1597","6596","4156"
"780","8198","2163"
"1589","182","7594"
"2214","1332","8053"
"2219","2124","4077"
"212","7042","8888"
"827","415","7426"
"2035","3266","3934"
"2184","3172","1277"
"451","3630","6156"
"1708","7004","1026"
"2143","7240","3117"
"521","7555","7482"
"2021","1153","7413"
"1342","7454","4591"
"817","413","7702"
"2214","2450","8857"
"568","7812","6704"
"538","7830","3823"
"1536","8977","7250"
"1459","4757","1488"
"1375","1691","7890"
"827","4698","2850"
"1079","1973","293"
"802","807","656"
"1647","7245","7537"
"582","441","80"
"1606","179","6685"
"2162","1780","8823"
"888","3632","3861"
"2053","4994","7065"
"1643","1318","6048"
"1079","6166","6215"
"143","3679","8508"
"1700","1732","2545"
"1371","2801","5630"
"1995","6245","2300"
"1333","4672","2408"
"1570","2904","2986"
"574","749","5262"
"1409","2869","5891"
"2152","2127","662"
"1609","8804","267"
"1297","3914","1745"
"1959","640","3172"
"819","1223","6560"
"574","8874","6061"
"1657","1872","7582"
"1526","2265","6740"
"2006","2763","1454"
"1704","3927","4170"
"1409","7146","7740"
"906","4924","500"
"86","921","1070"
"1965","5413","7466"
"2151","117","4043"
"897","8482","6667"
"1471","2301","6274"
"1446","4907","106"
"1010","2094","3611"
"2015","648","1353"
"133","4044","7303"
"1877","5264","7973"
"1868","3573","3684"
"586","4013","764"
"2005","7965","2714"
"686","3766","5099"
"1353","1114","1573"
"1154","7177","3962"
"920","623","4280"
"472","3192","6251"
"492","6521","8067"
"1613","2414","8363"
"1846","2059","5589"
"276","7590","7935"
"1652","3694","2993"
"1051","8732","7710"
"1330","7393","8961"
"1610","8028","4590"
"860","5692","8080"
"1067","8602","2868"
"1309","2753","6309"
"865","8291","6185"
"859","2560","6501"
"1570","816","1141"
"43","7386","6561"
"1509","6766","761"
"863","6738","5735"
"1805","8842","5175"
"898","2111","4811"
"874","2115","5916"
"2102","7873","6939"
"238","6480","7808"
"518","2484","1166"
"1859","1737","2229"
"1441","2260","1005"
"1247","5594","7875"
"1371","2309","1127"
"874","5640","8866"
"809","5058","1821"
"93","4856","5357"
"1576","8595","1852"
"1881","6663","7669"
"1312","5748","3574"
"666","1900","8235"
"567","4714","6608"
"2030","3548","2369"
"627","2073","5325"
"2166","1194","2008"
"2120","4806","7817"
"1862","1553","698"
"1781","1245","4927"
"2204","946","2415"
"1439","4004","7736"
"1683","8867","5401"
"1054","5646","553"
"1834","628","8505"
"1127","8824","694"
"2011","1709","1616"
"1764","4667","3510"
"1091","2042","4632"
"1833","2737","4304"
"883","947","3454"
"372","8382","7888"
"319","476","2919"
"876","3590","1691"
"1116","7870","3253"
"2040","2937","1767"
"1160","5865","5626"
"1628","8930","7925"
"1609","2882","3049"
"2194","8667","2812"
"1859","6989","5497"
"1682","7222","4372"
"808","5176","5937"
"1778","4784","8764"
"1132","4442","2140"
"1868","6314","4269"
"1367","7185","4157"
"1138","8980","7527"
"582","6349","8377"
"1864","2525","6123"
"917","6007","2265"
"1514","7686","3123"
"573","5932","6676"
"1048","8237","6487"
"1074","6447","8904"
"1289","5902","1363"
"1432","459","6842"
"1127","3475","661"
"888","6791","7648"
"1366","5096","5158"
"1703","2675","3430"
"1777","5911","716"
"966","6351","8072"
"952","1091","5377"
"280","6200","7459"
"575","6450","5913"
"2069","6338","1602"
"1198","4988","6590"
"1559","4983","5246"
"481","6342","8013"
"1307","4992","5314"
"1326","6803","671"
"1192","6146","6105"
"517","6741","1701"
"2222","4942","784"
"1984","103","4733"
"122","2304","1814"
"1601","645","2230"
"1405","3388","1414"
"326","3506","8219"
"353","7670","6243"
"2077","1928","4828"
"940","251","1307"
"917","7863","6071"
"1339","2968","1724"
"460","5139","8781"
"1394","6688","159"
"1439","1556","5901"
"2014","3474","7287"
"926","2666","2890"
"792","3315","588"
"1643","3307","7413"
"636","3414","5157"
"1563","1623","2963"
"808","4276","6800"
"1468","3004","3774"
"1429","2562","7842"
"2183","5491","3304"
"711","7851","3294"
"1156","5256","745"
"1432","2010","3832"
"1834","3312","8388"
"2139","8034","3107"
"2204","5644","8938"
"1414","3278","3072"
"1963","487","1928"
"1147","6737","5014"
"1128","272","6543"
"1041","7179","3775"
"212","2107","1734"
"501","3117","1199"
"151","4446","8725"
"817","3615","2198"
"1552","8283","6419"
"892","2925","3614"
"122","3059","7537"
"469","6890","7155"
"40","5274","6697"
"264","8164","3401"
"1565","3591","3552"
"1904","8204","7919"
"1965","3851","813"
"1463","6549","1395"
"2133","8888","1463"
"125","2880","40"
"1518","4966","2328"
"95","7381","8565"
"1703","8580","3839"
"440","2503","6196"
"1874","8100","5798"
"469","8377","2404"
"1618","8125","806"
"1236","5650","7107"
"808","1477","7467"
"889","4464","3958"
"609","1207","2344"
"905","8253","3344"
"1405","3931","4715"
"1438","1479","4139"
"1007","5329","8969"
"1809","1632","513"
"952","8038","5826"
"278","6944","2095"
"276","1716","383"
"2056","4022","1499"
"86","7990","1397"
"1774","1193","3593"
"1309","8927","4486"
"2139","2926","7892"
"1509","322","6374"
"1634","5888","2093"
"1048","5662","409"
"2162","6578","4683"
"1729","1810","4116"
"838","1280","7503"
"725","1359","1568"
"1262","4461","932"
"464","687","7107"
"856","1626","4183"
"1375","6259","6148"
"2163","4534","347"
"168","7617","1315"
"315","2722","2693"
"1613","128","5755"
"492","4055","2603"
"1322","7826","4583"
"1809","971","4918"
"1681","4706","7594"
"588","2455","6701"
"2044","1594","1016"
"1153","4106","4839"
"1979","2286","4680"
"1326","5675","8281"
"1289","5893","7418"
"2036","6775","1131"
"1834","1593","3457"
"1156","2142","1046"
"1147","6532","381"
"995","3724","6947"
"1695","5685","3944"
"1703","4363","614"
"1192","7827","1825"
"1192","615","8962"
"1641","6264","6042"
"876","813","1177"
"1602","5288","4144"
"636","3395","5988"
"883","814","5467"
"921","8941","3162"
"1589","6321","1929"
"2151","5267","5401"
"1938","904","7166"
"1735","1851","3876"
"1696","2763","8257"
"1373","6667","319"
"588","6998","3877"
"1681","8974","3460"
"1189","5726","8084"
"917","5832","6860"
"2182","6301","5456"
"1744","3769","8436"
"1048","645","1949"
"501","262","7405"
"1565","32","2770"
"631","7344","8647"
"2030","7684","8621"
"1326","7375","1749"
"983","6325","183"
"1507","3107","178"
"2035","1815","7034"
"673","405","5354"
"1236","8066","3303"
"2210","7891","4384"
"586","4901","6089"
"779","1573","1082"
"582","2957","8590"
"1978","6914","4930"
"353","8086","4660"
"1622","2937","2827"
"647","2743","5086"
"1862","3789","1576"
"692","3377","3027"
"941","4570","331"
"869","6945","7474"
"2059","3452","4932"
"308","97","5956"
"1490","7655","6343"
"543","2134","5049"
"2173","1218","5203"
"860","3811","5803"
"838","4377","8498"
"1729","4919","6316"
"1874","2187","6572"
"1965","3221","3012"
"952","3775","2340"
"1104","530","4144"
"1862","3015","85"
"990","5617","2904"
"911","9001","3468"
"1349","8623","2903"
"2030","7295","6533"
"1909","8783","1413"
"1695","3786","7743"
"2035","6126","6950"
"1287","7945","5834"
"1862","83","7310"
"1909","5253","8000"
"784","610","4385"
"1919","7364","2174"
"1545","7110","2981"
"95","7697","1192"
"366","3381","6858"
"1438","4253","7571"
"1316","5929","3749"
"552","8448","2113"
"1613","6855","2551"
"1988","3169","3928"
"1684","2491","9056"
"552","4538","8264"
"1665","3047","6734"
"1876","4424","5866"
"1443","159","6259"
"882","2695","1910"
"2194","3674","2753"
"1376","7844","1228"
"1681","8156","1631"
"1343","5021","2118"
"1369","2422","426"
"853","1544","6166"
"276","6070","8688"
"2052","6152","7895"
"1177","8470","949"
"1277","2154","7669"
"723","1951","6933"
"1382","6423","2489"
"1062","2452","4415"
"1371","7284","3389"
"1020","4641","3769"
"1785","6784","8150"
"1284","976","3634"
"1903","7896","6607"
"1198","7638","7893"
"631","1544","3755"
"601","1303","6220"
"2015","1461","3869"
"1263","4054","8208"
"869","4896","584"
"1783","8738","7471"
"652","6930","910"
"1028","2458","3033"
"1671","7640","6306"
"1205","2656","6880"
"2185","3294","7282"
"1366","8476","4998"
"184","4822","5797"
"1845","4087","7644"
"705","4473","1097"
"1671","6842","936"
"1160","4956","2379"
"1452","6840","54"
"1106","1033","4631"
"883","8769","171"
"686","7228","4471"
"1634","100","4739"
"964","461","8263"
"2095","3723","3818"
"1429","8399","5044"
"1287","5080","4593"
"1367","8978","2854"
"2219","1009","7067"
"1682","5093","5098"
"1052","8685","3368"
"276","5901","7545"
"1414","2639","8405"
"906","8602","3266"
"2036","4340","5467"
"79","1264","4817"
"2160","7113","428"
"1883","5670","8058"
"1052","3206","6613"
"597","5718","3399"
"143","8238","197"
"1968","528","877"
"1764","5096","1369"
"1342","6033","4415"
"1177","3067","8284"
"1824","3980","7966"
"475","3721","6616"
"568","9038","6123"
"683","2461","7269"
"880","2184","5245"
"1537","3920","6921"
"1472","3338","7808"
"1382","5110","4382"
"1864","2152","6679"
"828","4640","3608"
"702","8441","1682"
"1049","4736","3642"
"1177","2901","5876"
"1779","540","1342"
"1657","3076","6579"
"2030","5017","6787"
"440","4335","7597"
"839","9045","3059"
"2134","6957","14"
"933","575","147"
"1901","1585","5549"
"997","2049","2276"
"552","8038","4663"
"909","4671","3587"
"1643","7598","7224"
"1263","8989","3848"
"2194","4720","7651"
"911","4908","6509"
"2192","886","158"
"125","2350","7418"
"1963","3952","6637"
"125","3465","3596"
"1576","4721","2817"
"1703","4711","6564"
"573","4320","338"
"2068","1471","525"
"1182","3506","2211"
"460","8911","4073"
"883","7412","2133"
"538","7605","3713"
"912","5826","8648"
"1325","5688","904"
"2101","6898","8521"
"1376","1834","4331"
"789","3017","4519"
"1909","1070","2371"
"965","8775","7910"
"1980","7059","1773"
"695","1914","6603"
"262","1866","6383"
"1270","2710","5671"
"1106","8235","7745"
"1978","6356","4393"
"2035","6605","6820"
"2097","6693","7267"
"585","6594","6317"
"1048","338","6878"
"1426","5720","1678"
"86","7213","4600"
"1905","4188","5302"
"1049","1267","8833"
"276","1905","1731"
"2207","2174","8438"
"2068","2184","3402"
"151","3510","3600"
"1983","630","4050"
"686","2145","2658"
"1307","2263","6600"
"1372","4704","7008"
"1834","3715","277"
"2027","3260","3867"
"168","4206","2491"
"1319","4242","6705"
"2092","7737","3506"
"1252","3361","265"
"40","2175","2714"
"779","162","7378"
"1744","505","6265"
"635","5669","5773"
"1600","7937","8791"
"1450","559","8282"
"2182","7052","2989"
"789","5777","3389"
"606","1843","2449"
"299","2767","5827"
"2173","3670","3617"
"1450","8815","8477"
"627","6208","8113"
"1655","388","7267"
"989","8486","3045"
"573","8134","7623"
"1618","4803","3148"
"1349","2909","7277"
"843","2687","1707"
"695","2033","1304"
"1550","813","184"
"2027","6345","3907"
"262","6620","7492"
"684","8949","3916"
"1833","4068","8640"
"1613","2668","731"
"1634","2921","7453"
"779","2644","1200"
"1805","1493","1490"
"1066","897","6927"
"2153","5652","8256"
"2153","5519","3867"
"1011","6959","5117"
"838","266","4113"
"1491","5859","1523"
"2188","3327","8571"
"835","8917","2506"
"1052","6828","6987"
"1154","8269","2978"
"79","7969","5823"
"197","63","7866"
"2036","3338","6439"
"2085","7510","780"
"1371","4038","5719"
"1796","7025","3849"
"315","3678","6180"
"826","8152","2291"
"1883","621","6435"
"1662","6446","4980"
"95","6072","5081"
"1657","4296","6789"
"853","4835","3160"
"1764","4742","2655"
"1672","6184","3471"
"2120","1481","1657"
"85","877","2795"
"165","6719","7762"
"1446","8996","1965"
"860","6152","4456"
"1343","8852","1521"
"1073","3350","2413"
"302","2493","1720"
"826","8344","9001"
"839","2638","6228"
"872","2687","3678"
"1824","7880","3075"
"631","5419","4009"
"492","2331","2828"
"41","1570","8537"
"1794","2088","7494"
"1921","1982","8068"
"1615","7017","5311"
"521","2403","1812"
"1550","756","2982"
"440","7463","3236"
"776","1262","117"
"912","2979","4155"
"1048","6330","2566"
"280","2089","2364"
"2143","6641","4083"
"942","5401","2101"
"1846","3108","3466"
"2039","6946","7067"
"876","3255","7020"
"711","8533","113"
"575","2529","1002"
"1671","3867","1562"
"1315","5205","6825"
"2203","3386","3001"
"1373","7354","7667"
"315","5939","1370"
"938","359","5711"
"1254","3405","3025"
"1833","8506","4028"
"1979","7679","373"
"2099","1786","5156"
"1413","7236","6586"
"1438","2973","8486"
"1351","5575","7191"
"1796","6206","1627"
"1610","1810","8165"
"863","7962","7817"
"264","5169","7382"
"966","1661","7734"
"2224","5548","1755"
"1011","5117","5724"
"1164","1422","4376"
"1353","5910","6929"
"918","5272","2555"
"865","7811","2057"
"1507","8104","4502"
"779","2601","1082"
"1878","6972","5269"
"1456","4847","4365"
"1433","2108","6577"
"764","1916","5148"
"1956","6899","1021"
"2117","8107","6345"
"1267","6202","2328"
"1570","5610","5582"
"2018","3562","600"
"2213","5649","5172"
"2164","2982","2230"
"1322","4034","1565"
"1655","1283","2973"
"721","969","6028"
"1901","5208","537"
"2099","3626","5972"
"975","2011","1624"
"1162","7792","2647"
"1414","5289","3142"
"1984","4496","2561"
"1764","4133","5116"
"648","3859","4591"
"705","3597","1689"
"789","8253","4584"
"1319","2952","7257"
"1979","6940","4982"
"776","3601","2176"
"770","1883","6051"
"985","8044","8389"
"1333","806","3452"
"1591","8544","2106"
"231","5106","8775"
"1300","1596","4878"
"2059","4915","5652"
"636","2115","8628"
"1641","4291","2764"
"157","2488","5828"
"1042","1340","7577"
"302","5326","3982"
"1011","7922","1196"
"2044","667","8364"
"765","173","7910"
"1277","7416","2197"
"1916","4819","174"
"842","4452","3792"
"305","2264","5922"
"1559","4066","2543"
"1472","6769","4069"
"2121","3682","3390"
"2027","2725","6509"
"326","7993","4689"
"1127","4623","1488"
"898","2441","3390"
"1449","5657","277"
"197","5869","5042"
"1339","3566","6474"
"1011","1289","6373"
"595","2870","7393"
"989","5441","7242"
"2085","5128","2064"
"791","2692","2303"
"472","6808","831"
"1729","5857","7884"
"1054","1771","7467"
"889","2749","1415"
"1567","5813","5156"
"1985","6993","5585"
"1042","370","4626"
"1845","7538","6051"
"1609","31","162"
"1290","8050","5907"
"1506","4783","7464"
"2121","6245","8621"
"299","875","5551"
"1259","4205","1705"
"1600","379","8082"
"1409","4979","7186"
"2088","3762","893"
"2222","4414","8385"
"945","8321","6858"
"1959","6478","6441"
"1877","5451","4963"
"1894","6964","7502"
"2152","2356","3665"
"1786","2701","3971"
"974","6043","5687"
"372","5859","5506"
"451","7877","8643"
"2053","4461","5296"
"1524","4106","1600"
"1565","3285","1491"
"872","6243","6768"
"1263","9023","5057"
"889","7493","1507"
"1689","4116","6761"
"942","2747","8022"
"1684","4223","6094"
"197","2960","8201"
"1979","487","5833"
"1446","4219","5227"
"1956","3069","5218"
"876","4778","4267"
"93","8403","4177"
"474","4656","7929"
"501","1654","8862"
"1744","8307","6397"
"1432","693","1328"
"1041","2571","8606"
"2182","8562","6654"
"2029","293","7110"
"1631","6555","7191"
"839","8342","8738"
"725","4412","2581"
"1742","7843","7524"
"1753","7172","3100"
"501","5608","7005"
"2052","3495","8512"
"2035","2924","397"
"692","2158","6163"
"1963","6118","8956"
"1969","1377","2260"
"2160","1519","3268"
"1057","8873","381"
"1207","8083","1266"
"315","700","8236"
"1894","7138","1052"
"1591","3445","8584"
"86","7327","5774"
"2135","13","1744"
"1684","7051","6043"
"1267","72","5591"
"1903","5793","8643"
"1545","8920","5668"
"1622","2714","174"
"1695","5827","8786"
"96","3571","2419"
"1057","6227","4896"
"882","8499","6972"
"942","1136","8806"
"1316","1398","5939"
"326","8667","6647"
"2152","7829","3087"
"933","3406","7144"
"853","6781","8393"
"1182","3644","647"
"1872","7218","7818"
"819","5242","3089"
"1339","4412","8047"
"1805","8753","2622"
"1056","3167","5920"
"2139","7387","8801"
"985","5467","483"
"2129","3310","8735"
"1108","1742","372"
"1627","2428","334"
"2235","8059","6992"
"1021","7349","8806"
"2031","3241","3421"
"1979","5461","1808"
"1909","7548","5877"
"326","4071","2736"
"2135","7787","3930"
"1300","4235","8369"
"1316","7925","7318"
"1671","6842","8786"
"2018","1785","5029"
"2210","1940","1001"
"597","8760","5002"
"684","4340","7131"
"1316","2989","2905"
"1365","6444","8576"
"1673","201","1567"
"1214","2121","5972"
"195","3793","6230"
"882","2114","3444"
"2238","6130","140"
"1192","1008","1615"
"1270","5334","587"
"678","94","6205"
"1653","5869","2698"
"1905","2356","1088"
"353","2187","143"
"1627","1946","5060"
"1372","1978","4793"
"877","6444","3749"
"2040","6894","1159"
"1997","5346","6722"
"1468","1598","2739"
"2129","8789","4700"
"372","4069","55"
"95","1558","1197"
"1565","6236","5905"
"765","2597","1519"
"1969","7744","2186"
"184","805","4708"
"1877","2938","8915"
"1151","2660","2795"
"877","2676","1217"
"1602","836","1578"
"276","6754","5593"
"1995","1174","2329"
"1567","4377","58"
"1365","2582","1626"
"2235","3616","2069"
"666","3620","7230"
"1632","84","7216"
"1308","5405","6715"
"1056","6108","6607"
"581","6836","5738"
"1876","5420","7072"
"568","3475","3543"
"1813","712","4802"
"1106","6184","5327"
"1106","300","2749"
"122","3112","679"
"503","1887","3533"
"1628","8332","8208"
"1052","8903","8092"
"1034","7322","5746"
"839","4226","4618"
"702","4371","7894"
"883","7017","2877"
"2121","1281","8313"
"2203","4267","8448"
"1641","2296","4207"
"1872","4302","982"
"2105","7929","824"
"2040","6444","1135"
"2099","6331","7925"
"1973","4984","8893"
"2015","2739","2584"
"1729","6543","4679"
"595","2969","8343"
"1979","2756","3715"
"2166","3324","7465"
"1369","5901","4598"
"802","8846","5600"
"1810","3805","7884"
"1254","3492","6019"
"1689","2376","710"
"1959","39","1741"
"1784","963","6444"
"627","573","5775"
"1813","3853","2245"
"1057","1203","1039"
"828","7804","3439"
"2160","5078","2995"
"1167","8934","8120"
"308","8537","5676"
"1969","4645","7406"
"1042","1045","1806"
"1723","6977","1092"
"568","6642","8738"
"1196","5352","1550"
"1263","6599","1463"
"2168","7531","5169"
"1995","7387","1117"
"1052","2249","8682"
"898","4901","7457"
"1965","3762","6486"
"776","1218","1266"
"1704","427","7110"
"662","5083","6625"
"1610","4617","4687"
"1432","4329","7157"
"1160","2600","8818"
"725","2292","7828"
"1343","4064","508"
"1862","7050","2278"
"1920","1129","5655"
"1116","6654","8435"
"2021","4802","1156"
"874","3432","6448"
"581","1615","238"
"905","1231","5850"
"1594","6556","2161"
"1252","7839","418"
"1252","8940","6844"
"1990","7102","5056"
"1054","1156","8914"
"1864","6951","8452"
"308","1350","2729"
"248","2169","5267"
"2108","6151","1772"
"552","2673","3558"
"1156","4154","4340"
"585","8893","2868"
"856","6090","8658"
"1956","197","3931"
"863","6237","8335"
"940","600","1788"
"1985","7251","2220"
"1254","1984","6284"
"926","1722","8635"
"1703","6017","189"
"1138","8802","6130"
"2230","180","5643"
"827","7190","6876"
"1657","1620","3610"
"2026","722","6273"
"1151","8175","7713"
"1108","5346","1214"
"1526","3595","2908"
"238","105","2661"
"1985","3015","7225"
"506","3676","3843"
"636","5893","1824"
"1384","2906","4527"
"305","7562","6045"
"276","5048","7399"
"1277","1800","7472"
"1847","5708","6365"
"1162","8782","3401"
"2233","8549","375"
"1452","6782","2590"
"1709","2759","8289"
"1429","1136","5516"
"2157","6977","8847"
"315","794","4363"
"1610","3521","3035"
"1859","4311","6090"
"933","4523","5971"
"40","5494","7504"
"1979","7052","8675"
"483","1786","2600"
"1472","5761","1913"
"2182","5995","3320"
"2027","2035","6621"
"989","8905","6935"
"2028","1208","6296"
"1980","221","2949"
"1634","3646","6452"
"1449","3880","3893"
"1506","8279","5167"
"2028","5768","5807"
"1394","4606","7412"
"1051","1143","3284"
"2230","4830","3380"
"802","1509","980"
"883","5740","8140"
"538","3508","1146"
"1681","5377","5269"
"1309","5492","2984"
"1526","7929","8843"
"1263","4045","7925"
"1339","3901","6335"
"1615","4592","4191"
"964","6216","5150"
"1350","8012","3372"
"1042","1609","1977"
"326","2396","1208"
"1367","6008","4354"
"1438","2231","7753"
"1371","1420","5614"
"2064","4838","1606"
"897","4434","462"
"1052","840","6471"
"2036","8664","1493"
"1132","7474","7556"
"962","1951","393"
"1673","2386","8667"
"764","1271","579"
"521","8855","8575"
"1007","335","2820"
"2193","7026","5500"
"979","3438","125"
"1703","1594","937"
"1182","5867","8089"
"568","6797","3068"
"1729","2927","346"
"826","4056","4564"
"1205","191","2979"
"1846","3954","7741"
"1219","5620","381"
"1783","142","1446"
"2105","4190","7055"
"1066","7466","2597"
"1151","6806","5704"
"2160","8955","580"
"1921","1687","6701"
"1413","2478","4843"
"919","6905","6185"
"143","6712","8227"
"1444","8545","6878"
"165","3569","3752"
"2152","6279","7087"
"1729","1449","2731"
"2168","688","5075"
"1988","1907","1033"
"2021","2229","7231"
"2025","1890","5417"
"1339","6327","4342"
"2233","3620","8874"
"944","2742","1566"
"1133","8793","4939"
"1471","6927","7196"
"1437","6326","1899"
"648","1424","3118"
"1358","1800","2845"
"1441","6060","4594"
"941","4663","8415"
"1835","1741","6657"
"898","8201","7067"
"1518","219","8984"
"1683","3788","827"
"1074","4093","431"
"1785","8230","5553"
"892","2592","3248"
"472","492","4610"
"1472","6393","2025"
"779","1692","4013"
"1043","7408","3774"
"1198","5294","2517"
"1409","2130","3787"
"1340","8972","5410"
"1414","4453","5675"
"1976","1670","2923"
"941","4182","6952"
"983","2634","8557"
"635","377","2674"
"892","3212","1741"
"1153","344","4423"
"574","1736","3970"
"308","7697","137"
"1916","2659","8283"
"1209","2190","3769"
"2179","4136","1478"
"905","5313","6530"
"827","1481","1754"
"1052","5759","2636"
"1834","721","5031"
"1959","8012","5773"
"2044","1566","4481"
"1969","5263","5114"
"1877","5328","6535"
"979","344","6417"
"2108","1660","8608"
"1963","8550","7192"
"2005","5300","3186"
"1051","2500","4941"
"1202","6871","4918"
"1979","5858","3761"
"1444","4077","9026"
"1456","2095","7763"
"1797","1664","3907"
"1606","964","8229"
"1157","6710","5615"
"926","5398","144"
"1723","3442","8461"
"1735","2436","3673"
"1990","8685","7702"
"17","641","1129"
"1504","6958","5782"
"481","7191","8916"
"1300","7074","7947"
"772","6184","7817"
"2214","1414","5497"
"1567","6014","6488"
"1643","3089","5452"
"880","4023","2678"
"1526","3445","730"
"2005","3488","2686"
"372","730","5872"
"1456","7546","4390"
"2179","6177","789"
"1155","1536","7235"
"1672","3925","8968"
"400","2910","5422"
"2132","974","8589"
"372","7115","5373"
"2151","1591","2817"
"1011","348","2429"
"1814","2818","5953"
"819","5748","484"
"1457","5508","4121"
"942","4952","4614"
"71","3168","6119"
"122","371","4071"
"926","3685","7931"
"568","395","7138"
"1387","2664","3784"
"601","6847","5666"
"1386","1413","5956"
"952","6639","5138"
"1984","4783","1427"
"315","3436","8874"
"1413","5359","5456"
"567","3599","1419"
"1372","7160","531"
"1514","96","193"
"662","1334","2251"
"595","4970","4076"
"1350","5178","8752"
"540","7325","4242"
"1442","2053","4266"
"1452","1600","5186"
"1468","1272","8818"
"933","45","3674"
"580","1546","3311"
"828","4867","3932"
"2003","3066","8954"
"197","8385","6710"
"2120","1578","4994"
"1817","8310","1084"
"2011","7906","1223"
"2095","2786","1577"
"2101","3395","4623"
"683","8685","6847"
"394","7087","4249"
"1672","4751","8839"
"575","1218","3195"
"1978","1959","9045"
"809","4280","346"
"1652","784","1335"
"2164","1501","8246"
"780","2642","2448"
"1545","826","1193"
"1205","3034","9016"
"2182","8567","2452"
"975","8165","656"
"1366","752","3886"
"1091","8523","5889"
"1828","1485","8339"
"990","2075","1564"
"1104","6964","3606"
"1781","1516","2221"
"1845","7905","1069"
"2196","3567","7834"
"1506","7621","6057"
"1016","5516","4838"
"784","5886","8791"
"843","4010","4163"
"789","5574","491"
"1509","630","6138"
"1115","8882","4947"
"1302","2047","5629"
"802","8059","9040"
"436","2426","961"
"828","8735","6260"
"965","2664","1682"
"2102","8708","404"
"917","7009","2982"
"125","8884","5958"
"2173","6339","1757"
"924","5382","4275"
"819","5894","5253"
"451","1049","8220"
"1634","5691","2718"
"1315","2562","3151"
"1840","2405","1408"
"2001","9010","4141"
"2001","3427","5559"
"2066","6976","6664"
"2210","415","769"
"780","4230","8331"
"1011","533","653"
"165","6729","3697"
"898","518","7601"
"2040","2525","608"
"684","2050","2047"
"636","983","2700"
"1270","153","6122"
"2081","8683","688"
"2015","6536","77"
"507","8245","8078"
"1840","1123","7977"
"1353","1065","3103"
"1597","2562","3415"
"1634","5553","5054"
"2120","333","5547"
"683","7950","667"
"2121","6574","2810"
"1445","3897","3315"
"1805","4464","1945"
"1764","4984","3104"
"2192","3049","891"
"238","492","7970"
"905","3348","5638"
"2101","2956","5800"
"1490","960","5912"
"2018","101","5909"
"1840","6674","3258"
"2176","1793","8426"
"586","3162","5579"
"1627","4588","1033"
"842","5146","6853"
"1459","1412","3920"
"1973","3073","3379"
"1024","2567","1288"
"2040","8104","725"
"1340","6785","334"
"809","8718","2015"
"2053","6119","7399"
"2035","1202","7759"
"1641","5930","5934"
"843","711","5879"
"1270","3988","6443"
"962","5029","7114"
"858","6435","3529"
"2135","58","6635"
"308","189","2214"
"686","4737","2309"
"826","5788","1476"
"2157","8656","8511"
"43","469","1309"
"1765","7491","1272"
"2168","4932","3435"
"2233","3181","3920"
"1601","5069","8353"
"839","8703","9001"
"71","2456","7038"
"882","7210","3639"
"1262","4929","2664"
"855","64","659"
"353","413","1734"
"1504","7780","7114"
"817","1241","8364"
"1682","56","8237"
"1162","8855","2697"
"1729","1714","3001"
"1613","4885","2986"
"1683","2261","3908"
"1518","6305","1336"
"869","292","2106"
"1302","5546","503"
"1778","588","7912"
"1452","1792","378"
"1189","750","7974"
"1405","5027","4610"
"1627","2402","6997"
"1846","6270","6907"
"636","4664","8638"
"1442","8036","5732"
"2207","6572","7007"
"2029","6201","2036"
"1343","8215","7373"
"2162","8075","4266"
"2005","805","5986"
"1309","1246","7439"
"1153","1790","5865"
"1358","8879","2441"
"1074","311","5070"
"1553","809","583"
"1177","3211","81"
"2166","173","1177"
"1504","1491","6675"
"394","3346","6035"
"888","6237","1991"
"372","8025","6482"
"1684","8682","7535"
"2011","331","299"
"1689","1391","5641"
"1935","5809","5822"
"2105","1246","4545"
"1509","8290","8500"
"855","6059","312"
"1151","2499","7150"
"920","2528","1544"
"924","1719","5224"
"2184","9050","990"
"1074","7053","5461"
"184","6315","3146"
"1442","8143","2098"
"262","4316","6555"
"1753","8854","1680"
"575","5587","3825"
"1463","8571","6480"
"305","4379","7860"
"648","1882","7567"
"2184","8719","1920"
"1245","6863","4603"
"1794","1488","2863"
"195","4307","5647"
"1919","1688","2349"
"1433","824","662"
"1570","1007","6567"
"808","2704","8089"
"184","2336","2708"
"1919","3955","3843"
"2108","378","3635"
"506","5272","3010"
"1371","2101","6206"
"906","4913","4056"
"1689","6180","4850"
"1682","1509","8988"
"472","8278","7027"
"2025","5926","1071"
"1742","8814","7052"
"1484","4496","2301"
"1813","8863","1538"
"1814","8603","869"
"2014","5982","4702"
"711","1583","3615"
"133","2179","2037"
"883","3304","3234"
"1051","1393","737"
"995","7266","585"
"792","1094","4371"
"1042","3103","6931"
"1903","4936","5206"
"1457","2754","6365"
"2040","984","6560"
"1673","2503","8994"
"1509","7717","6420"
"2222","3080","2800"
"808","8677","6275"
"1132","2601","4959"
"1979","717","2463"
"1585","3200","5947"
"1600","4972","689"
"1182","2293","4349"
"161","2318","1613"
"666","3774","1221"
"1342","7526","1726"
"71","5530","6892"
"1784","7897","2656"
"264","1308","4360"
"647","7265","7089"
"1051","7559","8800"
"1969","1729","5803"
"915","3054","7958"
"892","1972","204"
"1973","2947","1045"
"125","7405","2967"
"898","5756","7203"
"503","7694","4807"
"238","575","3289"
"1189","6898","3372"
"1647","8669","3888"
"557","4080","93"
"772","5686","6676"
"1147","6884","4835"
"1252","1326","7848"
"989","4975","5231"
"2230","6614","3191"
"711","7009","3136"
"582","3324","6458"
"880","2220","5904"
"1366","5022","7655"
"1429","6664","1503"
"1207","8896","2008"
"765","3912","127"
"2039","404","7211"
"1463","238","7150"
"1190","476","4339"
"1878","2197","4897"
"1115","4539","6244"
"302","7152","1581"
"2101","1961","1739"
"238","6139","4913"
"843","6123","3668"
"1267","7781","3206"
"1490","4318","4887"
"2102","7908","4494"
"1646","3665","566"
"1490","7334","4942"
"1622","2906","1154"
"1262","7439","6451"
"915","8938","1277"
"1868","5508","1450"
"2126","5030","4231"
"817","6461","6688"
"2011","2874","8706"
"1563","514","967"
"1245","3111","8599"
"507","1791","136"
"666","1365","3427"
"276","4463","1575"
"396","1148","6577"
"1883","4424","3789"
"1785","5072","7951"
"2134","4201","6415"
"941","8803","3600"
"1297","4100","1865"
"197","6960","197"
"1784","6270","1061"
"1862","6115","4937"
"580","721","6178"
"1835","5893","4860"
"1509","1008","3771"
"1696","4039","3135"
"1252","239","6184"
"1903","3095","372"
"1965","4530","3359"
"1219","7142","4723"
"2153","8103","8755"
"538","8808","409"
"2040","6781","458"
"2071","1460","2679"
"2143","6280","6828"
"1938","5164","5241"
"231","7416","8488"
"1784","7155","8755"
"941","1923","6402"
"1622","2476","8342"
"842","3281","2682"
"1052","2048","8923"
"85","8310","3294"
"1442","8293","6975"
"938","1513","8587"
"1963","3893","3350"
"1646","795","8472"
"860","696","1588"
"1552","8994","3352"
"915","7876","2918"
"1868","2042","4276"
"2238","386","1107"
"1797","6177","4832"
"2044","6368","2711"
"1869","5025","6784"
"1407","4783","7980"
"1723","5075","8806"
"989","8187","4009"
"2005","3550","4264"
"1518","6092","5010"
"1905","81","498"
"71","1080","2881"
"238","3619","6627"
"1672","1496","4636"
"1627","351","2298"
"1765","8138","1793"
"1202","5995","8352"
"1729","1508","1787"
"1973","2878","5950"
"1418","6740","5057"
"1471","6720","223"
"1585","1909","7306"
"1672","5045","4830"
"1325","4236","3291"
"828","2754","5099"
"2059","5975","6277"
"2238","7692","3180"
"1509","3741","7035"
"1418","7932","1094"
"780","1663","3466"
"2005","675","2123"
"765","1864","4413"
"1320","8162","5247"
"1901","1554","2560"
"1133","3260","5836"
"1350","5387","177"
"1818","8377","4502"
"1749","3902","6554"
"157","4269","902"
"1047","6513","5478"
"1074","2213","6383"
"1518","5425","2357"
"248","7698","6410"
"897","8101","1702"
"1671","484","6849"
"161","4331","2876"
"1043","244","7412"
"595","5984","8012"
"2029","4593","2225"
"1653","4753","5739"
"946","6468","8025"
"2183","7817","7250"
"1634","7080","4804"
"157","7571","5092"
"1615","4603","7800"
"1723","1440","4925"
"2188","4966","3743"
"1414","3066","4826"
"1533","4427","1997"
"1828","6829","448"
"1128","3430","5859"
"1781","8097","816"
"1533","9051","2035"
"1778","993","1779"
"2134","4801","3446"
"1708","4185","3549"
"1442","7449","1783"
"1920","8393","2601"
"1495","5123","4254"
"880","5685","6868"
"157","8615","3987"
"1098","1720","6615"
"1818","4768","2787"
"1263","1775","7819"
"538","7418","7905"
"1463","4749","2088"
"1632","805","3812"
"2120","4480","7664"
"1591","3573","9012"
"1449","8623","17"
"2028","3574","8994"
"1667","3987","75"
"2001","7597","7872"
"184","2862","2077"
"1192","6988","3817"
"888","2886","5639"
"1545","383","810"
"1384","4316","3499"
"833","7198","8418"
"789","8521","7815"
"1613","2667","3484"
"1774","7564","307"
"1214","1757","2645"
"1366","7562","1624"
"1979","7347","2965"
"1394","947","4833"
"1921","1533","1004"
"859","6650","8536"
"2099","8394","3020"
"1198","3784","7054"
"1495","1331","6676"
"264","1094","3692"
"1","3671","2898"
"1459","8673","5062"
"1673","2530","4276"
"1196","4319","7495"
"122","6259","8346"
"1155","6043","3604"
"1426","584","1933"
"2168","6832","7178"
"2228","3963","966"
"974","7466","6244"
"983","6677","2182"
"1342","7311","7902"
"1098","3134","283"
"2143","7260","8701"
"168","5478","921"
"1846","7335","1277"
"1691","3551","1190"
"2095","3250","976"
"995","568","4122"
"1536","7145","1594"
"1049","4296","557"
"1560","6543","762"
"1184","8855","7220"
"1779","8838","6421"
"2179","1249","2230"
"684","5521","3009"
"2155","3909","8742"
"2208","8275","1867"
"1809","7769","5322"
"1589","7825","1446"
"1665","8827","5089"
"85","1230","8488"
"1847","1376","3588"
"1154","6874","7471"
"483","6695","303"
"129","2042","830"
"2219","4083","2394"
"2044","496","8896"
"924","6260","8437"
"1963","1850","4306"
"1869","4065","8835"
"1367","7447","5502"
"574","6956","6381"
"1840","7985","5834"
"700","7431","7951"
"1876","4580","8142"
"481","6697","4053"
"864","348","2928"
"280","5040","6187"
"1709","6055","3947"
"792","6251","5799"
"1597","3324","87"
"1333","7889","5368"
"1762","5771","4046"
"1138","1205","3731"
"2126","1441","6233"
"1813","668","4655"
"1862","2712","7408"
"601","4221","8723"
"197","3350","5891"
"1904","4286","1600"
"1351","8676","1227"
"2183","2697","5753"
"1297","431","1923"
"1236","5031","952"
"1872","4182","3146"
"2168","7256","6395"
"1905","6483","7717"
"2168","656","3712"
"1426","5763","3238"
"1601","3349","5272"
"400","217","7503"
"1133","4111","4562"
"2026","7072","8485"
"1553","4650","2246"
"1452","4591","3358"
"921","5241","5377"
"2230","7066","1693"
"1413","7990","3869"
"2164","4853","7534"
"1039","897","2852"
"2001","2755","7266"
"1722","8292","1834"
"1056","7894","7213"
"1965","1251","8178"
"1657","1421","2663"
"1138","5334","424"
"1338","3012","6359"
"1418","5316","4843"
"662","2501","1038"
"1162","422","2737"
"543","6443","6812"
"1382","6054","6694"
"609","6821","1986"
"2040","685","8880"
"853","1241","1692"
"1211","4496","6987"
"1662","4817","6883"
"1247","8776","8247"
"1315","6663","5535"
"1703","2008","1800"
"262","8438","7348"
"974","539","8636"
"1785","6696","6092"
"2008","7206","7525"
"1372","8107","4588"
"474","1265","5676"
"906","2973","5705"
"1749","776","6440"
"2204","2087","4350"
"1622","6898","923"
"898","6240","7331"
"2014","5563","4513"
"819","499","514"
"1339","260","66"
"1965","1149","5807"
"1968","2749","7066"
"1869","6066","7915"
"1990","6702","1302"
"1985","1924","5328"
"858","8601","6667"
"1073","2874","2901"
"1729","3803","2341"
"1713","1683","4919"
"1386","4504","4556"
"1207","7499","5703"
"1369","1801","1481"
"568","1211","9003"
"2008","1679","4986"
"808","2566","6081"
"2059","2636","492"
"178","2048","5929"
"859","4787","1182"
"1353","6665","7454"
"1533","6100","1450"
"2095","6276","4458"
"1444","5780","5023"
"1744","7572","3818"
"1371","1600","5702"
"2207","1283","7949"
"1384","817","4930"
"1810","6077","3822"
"2021","8586","8433"
"1533","7378","3386"
"1847","3669","3492"
"2099","3576","7818"
"2162","4085","5582"
"2039","1216","7394"
"1046","6428","8482"
"2039","2891","9036"
"1270","7843","2319"
"1353","5179","8441"
"1052","6176","59"
"944","6028","1239"
"1144","5694","3058"
"917","1597","813"
"917","4144","8046"
"1007","4677","1537"
"1965","3306","4352"
"989","5233","8714"
"1990","8622","7293"
"858","1890","189"
"1259","7345","3943"
"1735","4907","5650"
"2152","2655","8810"
"1919","2210","109"
"983","6261","7856"
"161","5463","3069"
"1729","7320","4109"
"1818","7434","4132"
"2168","6887","4145"
"1973","7747","4747"
"865","4100","1203"
"1797","2411","148"
"1277","1502","251"
"483","3559","183"
"2196","5127","3209"
"1270","6865","1451"
"1901","6692","6963"
"2190","8991","8929"
"1338","5842","652"
"2029","141","7917"
"1138","7105","8320"
"1723","5312","6962"
"1236","7928","8395"
"938","7907","7980"
"2068","1476","1723"
"248","2254","8646"
"1133","1523","7339"
"1997","2801","7960"
"2101","2926","6237"
"2044","526","931"
"808","6750","1942"
"2015","4818","3296"
"557","5846","4417"
"833","6125","3412"
"990","3283","2442"
"129","2788","5243"
"1340","8103","7319"
"1373","5612","6711"
"839","4386","7854"
"1689","6625","2205"
"858","5269","2020"
"1509","1527","3677"
"320","6969","7448"
"1876","4168","6072"
"947","401","7588"
"168","3756","5630"
"1046","6333","7813"
"817","4821","5240"
"2088","2249","749"
"1007","1023","4815"
"1247","2426","2878"
"1835","1128","9014"
"802","4813","8211"
"1062","5768","3507"
"1079","4016","5904"
"1442","7850","5648"
"195","4651","8159"
"1615","5804","6330"
"1935","4455","2771"
"571","6808","4667"
"1983","7826","4283"
"507","6659","7673"
"1872","8529","1805"
"877","5490","2605"
"1594","6500","1274"
"2162","1638","7670"
"469","4945","4714"
"517","310","5926"
"1133","5535","3377"
"765","3607","6029"
"833","849","7738"
"1263","6165","5925"
"1689","3113","5101"
"1713","6754","8573"
"1980","4642","4215"
"1162","1362","5882"
"1979","1916","356"
"1259","2918","8467"
"1699","5322","1494"
"1308","4756","8091"
"601","3665","6448"
"828","4649","5523"
"990","3548","5032"
"353","199","134"
"1334","2972","4944"
"1862","895","3520"
"635","8263","3900"
"400","2913","8558"
"683","4604","1260"
"880","160","3336"
"2143","2251","2562"
"1189","5330","5009"
"506","8198","3212"
"872","2950","7966"
"1765","4097","6853"
"1413","3094","3750"
"573","42","6638"
"1628","1655","7780"
"1550","1204","7095"
"41","5458","4962"
"597","8786","8113"
"1432","982","7228"
"2052","635","8622"
"1524","576","684"
"2021","7573","5736"
"1011","1630","5578"
"2011","7685","6127"
"1270","7617","2333"
"1192","5345","4387"
"1833","6990","2156"
"517","3711","8099"
"597","9019","3367"
"1450","7115","3930"
"933","871","3085"
"1450","8103","3207"
"1160","1994","953"
"869","1602","4807"
"1777","4889","1346"
"1192","8442","8656"
"2069","4310","7967"
"276","6493","8274"
"1373","3388","1934"
"2214","184","5034"
"1330","1012","5487"
"1351","992","1577"
"1846","191","998"
"1560","713","4620"
"581","1457","4868"
"1552","7991","3674"
"1907","7082","8418"
"1115","2222","5433"
"860","6749","7753"
"955","8273","2629"
"1052","5601","8794"
"143","429","2051"
"474","4707","1015"
"627","6859","1040"
"1980","6104","3942"
"666","7020","3804"
"1342","7792","871"
"1874","580","6020"
"1631","8975","8938"
"1472","2259","2725"
"1840","6914","6200"
"1709","1638","7402"
"920","5126","7208"
"248","8839","4742"
"1735","6094","4143"
"2176","3751","3054"
"1653","3706","6546"
"2101","3897","3848"
"1606","1216","307"
"1862","831","7361"
"889","8088","5167"
"791","5499","7284"
"789","4461","5936"
"308","8624","3508"
"1834","1079","5217"
"1340","5487","3368"
"1021","4153","2645"
"1952","2024","5371"
"1824","7335","4787"
"1441","4900","4428"
"1219","613","1512"
"326","1896","1067"
"1576","4577","780"
"151","668","4484"
"1209","1221","2462"
"1338","213","7338"
"647","3552","3422"
"1192","6204","6075"
"1810","3797","1836"
"897","1609","5922"
"2193","1727","124"
"897","3013","7861"
"1968","7231","3746"
"86","2196","8833"
"1881","5255","774"
"721","1237","5362"
"1358","144","1791"
"1414","1851","8772"
"764","6842","3165"
"2097","3351","704"
"1997","5069","9031"
"1916","4701","717"
"876","2665","1766"
"1007","7809","1278"
"2108","7416","7519"
"1369","4900","6105"
"1537","3005","891"
"1567","8753","6650"
"1437","5845","4493"
"842","4014","8203"
"1189","3993","1359"
"876","7980","4002"
"1868","6622","8081"
"647","7283","8452"
"1762","8393","8672"
"1591","8370","3576"
"1","3693","2457"
"826","7243","5606"
"396","6875","5021"
"1407","6039","8731"
"944","8887","39"
"1444","5933","524"
"2129","8716","6237"
"2028","3777","6238"
"1903","2981","8623"
"1984","7397","3056"
"1373","5809","5674"
"1429","6107","1773"
"85","6702","7445"
"1783","8218","7766"
"924","3791","6883"
"652","281","9017"
"580","8462","6922"
"425","4136","3589"
"483","2792","7883"
"1020","8176","2642"
"575","2512","4542"
"921","5439","1591"
"2011","6515","4324"
"853","8967","7682"
"2011","1021","4667"
"1056","4652","1358"
"436","5768","3237"
"95","7787","6250"
"723","7946","8700"
"1682","7941","8280"
"1042","3975","6139"
"1650","3785","3457"
"1877","2058","4537"
"1164","3125","1774"
"2068","3483","8315"
"1042","3078","6707"
"1764","4093","1202"
"1353","4967","5584"
"1209","7473","5479"
"883","2144","6087"
"308","6963","1895"
"2185","373","1304"
"43","3060","5687"
"326","7728","2689"
"1682","5367","7349"
"2238","4446","5922"
"842","3252","4539"
"2030","6997","1414"
"1338","8400","3910"
"1367","47","266"
"1632","8386","4286"
"1786","3734","979"
"1007","2390","3220"
"1786","7412","3276"
"833","5133","8588"
"1192","5241","4110"
"1570","137","6907"
"1765","5818","7397"
"1202","4487","4897"
"1074","5572","1395"
"835","3089","6401"
"1405","5308","16"
"1307","7016","214"
"1700","468","6762"
"1765","1260","883"
"1763","7893","7895"
"1526","8840","2827"
"1162","4709","7970"
"1691","4129","2711"
"1490","4776","3880"
"2025","8123","6321"
"1262","5720","2347"
"1007","1900","1915"
"2029","1695","7691"
"541","2022","6845"
"842","6316","5377"
"1010","2551","1494"
"1320","2599","3009"
"1536","1400","8730"
"238","8820","6760"
"1190","6579","5144"
"1988","8738","7504"
"1342","136","6702"
"2182","4538","4475"
"40","46","7487"
"1011","2243","5300"
"1709","3129","4840"
"1034","587","5082"
"1602","558","6557"
"125","867","1075"
"1988","297","8952"
"1386","643","6301"
"125","147","7885"
"280","9003","1838"
"1491","8339","7592"
"1353","7574","3864"
"1322","1481","2150"
"1833","3992","5778"
"962","6020","6184"
"1045","5864","5373"
"784","2178","8132"
"1073","5915","4211"
"648","8399","8218"
"472","7463","6708"
"869","7785","5248"
"1079","6373","2352"
"1067","2487","8189"
"1673","7965","3833"
"1039","3118","3788"
"2176","1808","1964"
"1439","8041","2784"
"168","8436","6339"
"436","6565","8256"
"1655","4334","2870"
"1813","4574","3473"
"1602","6860","1216"
"2021","1358","4788"
"79","6842","7174"
"1432","3002","8257"
"2163","7873","5711"
"1683","1864","6506"
"195","4846","8966"
"503","7026","1285"
"1833","7138","3714"
"1545","1272","183"
"581","1762","557"
"1749","7563","5505"
"1162","6795","7965"
"1662","4403","7682"
"1259","5113","5587"
"133","2854","1735"
"1699","4192","1330"
"1322","559","5716"
"1947","5932","633"
"1051","4919","3982"
"1334","7029","6980"
"1132","5781","2857"
"1340","4907","3449"
"2088","793","7724"
"2068","8722","8269"
"1673","2640","3705"
"568","7309","2697"
"262","5469","1924"
"2121","6415","8313"
"2196","16","2943"
"1729","8556","2075"
"1656","5011","1615"
"1052","7440","2923"
"1749","2980","7550"
"2099","2463","7591"
"1514","7182","5544"
"926","3893","2125"
"1315","3375","1788"
"1042","3396","3425"
"2173","7645","385"
"1177","6581","4384"
"898","6547","8769"
"1132","7783","1260"
"648","845","8243"
"702","7627","4294"
"1794","242","8424"
"1444","6783","6136"
"1365","1857","1235"
"1051","877","7935"
"2157","7175","6070"
"2003","6153","705"
"1375","1105","3726"
"921","395","6793"
"765","8791","5663"
"2066","7638","8110"
"1959","1718","4648"
"1441","4698","4306"
"1959","91","2373"
"41","1193","2445"
"2162","66","6040"
"932","8523","7179"
"1631","6581","6939"
"1894","7649","3365"
"1846","3631","502"
"1154","284","3218"
"1938","4305","5275"
"662","2650","322"
"1876","6880","5684"
"1988","5394","6722"
"1978","231","3662"
"1468","4524","4845"
"942","587","295"
"1600","5058","1347"
"1696","7654","2641"
"1184","5802","846"
"945","4129","1568"
"585","2573","8934"
"1334","3185","3976"
"765","2293","550"
"1809","6973","18"
"2031","2288","5887"
"1681","1331","3244"
"122","6568","215"
"2196","7311","3032"
"1016","7173","7777"
"678","3370","3228"
"2008","5980","3836"
"2153","3327","870"
"2224","3711","3655"
"2081","8313","571"
"1297","7430","5351"
"440","3213","7960"
"918","8672","4500"
"1765","7812","7820"
"1878","2318","4785"
"95","7890","6499"
"1472","8972","6323"
"161","2166","4684"
"195","166","7428"
"1289","2852","6610"
"1641","8629","2030"
"2102","992","8476"
"1868","7330","7596"
"71","2048","1649"
"197","1657","8924"
"2139","6950","1320"
"827","6229","6515"
"1426","7144","1113"
"1606","6905","3573"
"1965","5660","254"
"1824","1333","7636"
"1010","2813","7101"
"184","8118","6295"
"876","6764","6319"
"17","948","682"
"1177","1996","6482"
"1673","5523","5859"
"1074","7663","3902"
"1978","727","7030"
"1368","3128","4458"
"506","6787","1183"
"1979","2967","5389"
"1653","6988","5388"
"1028","1690","2557"
"657","4702","8215"
"2026","7333","3954"
"1784","771","4395"
"1367","3743","5128"
"765","8869","1370"
"1968","1638","6575"
"964","822","8171"
"1157","4312","7370"
"1959","527","8458"
"43","3752","4321"
"1333","7437","1009"
"1349","7733","6821"
"1763","6759","3580"
"1700","5235","482"
"1833","3555","8006"
"791","6292","1620"
"2134","36","3732"
"1444","8310","6618"
"1947","3229","2684"
"2053","8199","403"
"1056","5919","5689"
"1432","3811","7510"
"1713","7484","7681"
"580","4747","190"
"1315","982","3713"
"2027","5705","806"
"2015","5959","4132"
"238","7088","8443"
"1774","3579","6770"
"906","8084","5923"
"2028","19","2218"
"1472","6956","5952"
"1526","2608","5924"
"606","7329","8465"
"79","1738","8712"
"1449","5536","3671"
"2097","682","8301"
"212","8712","3970"
"1978","4736","4371"
"212","7093","7694"
"1456","3782","4834"
"93","109","1211"
"1876","7322","3850"
"1484","2180","4944"
"1020","5327","8810"
"2235","2848","644"
"85","1520","7594"
"184","225","3436"
"178","7139","5912"
"1151","6107","2128"
"905","7010","5734"
"1632","3831","1600"
"2208","7516","7042"
"1576","5388","7941"
"995","4893","5142"
"1007","7671","226"
"1631","5738","5223"
"1384","238","7427"
"2194","2640","8430"
"1259","5796","112"
"308","3021","2470"
"451","4645","2750"
"1749","2931","7869"
"1320","8131","3701"
"770","884","2086"
"2176","4037","7869"
"475","2086","2094"
"380","327","4798"
"1646","1050","2740"
"2108","5781","2617"
"652","1625","6271"
"2064","4468","7297"
"2204","3568","412"
"2176","2128","4720"
"440","107","4931"
"1536","4891","6760"
"380","4470","7520"
"1437","6424","7803"
"1777","2948","3426"
"1007","3586","6042"
"1509","3235","4939"
"1995","8219","8992"
"1043","1254","4998"
"1372","8015","7896"
"1673","2313","608"
"1995","202","8904"
"780","8029","3117"
"2068","7193","998"
"1043","8596","2523"
"597","1394","1143"
"808","4316","8214"
"595","8539","5391"
"552","416","6711"
"877","4993","2831"
"827","4480","1730"
"1045","388","5847"
"2071","8367","3525"
"1916","7142","4356"
"1504","6578","1261"
"938","7465","2567"
"2132","329","642"
"1552","3304","922"
"938","4151","858"
"1704","2596","2750"
"1147","3267","2708"
"1824","6723","4974"
"776","5351","1921"
"2025","148","5742"
"319","624","4923"
"2179","6298","4784"
"1157","1450","1631"
"507","8718","7100"
"826","8731","8233"
"571","5401","4875"
"585","4368","3217"
"93","5397","4762"
"2088","3181","6496"
"372","1141","6685"
"1581","1021","7067"
"1979","2043","3131"
"1162","5908","3004"
"920","8116","1846"
"1334","2710","3310"
"684","8312","4540"
"1207","2218","5816"
"305","2355","1587"
"1817","5896","1096"
"1254","4805","4404"
"521","1939","4977"
"1973","5793","8891"
"1259","7497","1465"
"1700","136","6310"
"635","7689","7460"
"1219","3205","6301"
"1673","1448","959"
"2193","2653","779"
"1366","5923","6615"
"2235","5936","8787"
"1413","1921","7262"
"631","6055","2479"
"1287","1149","2452"
"1786","604","7357"
"2208","5281","7215"
"195","5725","2626"
"2163","6011","2013"
"1386","1679","1472"
"2134","8330","3266"
"683","5608","5390"
"995","1542","6321"
"1157","4170","665"
"1597","2054","2982"
"1695","452","534"
"2071","6496","3939"
"2183","8261","4978"
"1127","2265","4823"
"1952","1883","1915"
"184","8756","8191"
"1338","2047","2002"
"920","4291","3829"
"1763","7686","5459"
"2018","666","912"
"1091","221","5852"
"962","9003","2077"
"1662","4243","5610"
"721","7446","312"
"1947","3799","4150"
"1443","3731","8178"
"826","704","8291"
"2064","1149","8602"
"86","2421","1333"
"1818","5610","675"
"122","6103","1760"
"1054","4709","8913"
"2192","3139","8265"
"2117","5054","6923"
"2126","530","5024"
"898","8413","6050"
"938","1720","5310"
"1351","6412","5264"
"905","2654","4288"
"1468","8222","4752"
"2238","5974","3615"
"1983","6011","6290"
"133","8259","7857"
"1524","8022","4685"
"2001","5294","7162"
"1371","5868","7950"
"1375","7080","6437"
"581","8501","8099"
"1846","311","7418"
"1903","2125","7792"
"1689","2548","5920"
"1320","171","7960"
"853","6273","4262"
"1056","3359","393"
"1559","90","111"
"1463","9039","5223"
"1783","6500","3781"
"865","8940","2505"
"1439","3406","2726"
"684","6999","6433"
"1429","7521","6207"
"2015","1070","7124"
"1735","3233","2793"
"1452","2903","671"
"1959","7970","3253"
"2053","8906","393"
"2001","1405","7720"
"1622","6092","5163"
"1108","8991","1623"
"1506","6241","4354"
"1325","3104","1707"
"460","681","4452"
"501","4394","3213"
"1650","5179","6934"
"2006","8406","8051"
"1190","202","8881"
"1151","6864","907"
"2185","7055","7719"
"1627","3204","6950"
"1567","8161","4898"
"1207","5323","1669"
"481","1369","6412"
"372","4435","412"
"2031","2342","3159"
"125","1424","7541"
"580","2735","3589"
"1818","6800","7024"
"983","8886","6876"
"1034","7029","1881"
"231","898","4166"
"1869","8062","6470"
"1205","7579","2657"
"1703","2720","7859"
"1778","5450","6342"
"1847","5039","959"
"843","5899","1801"
"582","8722","4007"
"1877","2387","5317"
"2053","1861","3844"
"1699","1320","538"
"1290","4915","1597"
"1831","2931","700"
"2052","1327","5710"
"1343","988","2381"
"95","1304","2887"
"1358","1762","4014"
"1652","1885","879"
"860","133","3322"
"921","7580","7835"
"2153","8324","3865"
"1057","3118","1945"
"580","2005","1305"
"683","4633","5203"
"1969","4255","6178"
"1646","6265","5789"
"17","1619","7336"
"1600","7303","6567"
"657","8310","4378"
"1602","3760","5221"
"1106","673","5099"
"264","2760","3020"
"1028","4767","6795"
"1809","3926","2943"
"888","888","3383"
"791","224","6403"
"574","4967","5987"
"1308","4885","358"
"858","7000","2606"
"2173","8321","4521"
"842","2833","3207"
"2176","2345","5017"
"1384","5716","3944"
"1656","6838","3485"
"1","7334","8964"
"764","141","4743"
"1079","3767","4713"
"278","5359","6597"
"1039","5141","4044"
"1968","129","1604"
"1343","8407","5011"
"238","8655","786"
"1365","1491","5922"
"1652","8598","1106"
"586","1934","6912"
"2196","7896","4287"
"2176","802","4373"
"1042","1873","4784"
"302","1734","6858"
"1307","3585","2381"
"1869","263","4778"
"1565","3193","5233"
"1952","6670","2468"
"682","2758","2568"
"1405","1466","5725"
"1407","4238","3446"
"2121","5127","2826"
"1729","339","7629"
"1162","1951","6911"
"521","7956","3600"
"2219","1398","2522"
"855","7219","8362"
"636","365","5254"
"2164","6478","8093"
"264","6050","1217"
"2160","1491","5290"
"1585","3631","2837"
"2203","2059","4500"
"877","3050","4985"
"1778","5307","7231"
"1373","327","8871"
"1673","1002","1143"
"1859","6137","200"
"897","669","7451"
"1211","7200","7174"
"1382","1296","1795"
"2192","850","1158"
"1765","5613","3083"
"469","1767","8714"
"1935","8975","7419"
"1387","1374","4221"
"2053","1148","2104"
"1046","4328","5145"
"552","6334","4726"
"540","4594","6421"
"1628","2495","8465"
"1289","885","5019"
"1805","582","8278"
"817","38","6247"
"1444","6062","3181"
"1673","417","5201"
"2143","6798","3627"
"819","4934","1814"
"1647","3253","7557"
"1818","8091","4433"
"1138","2787","7480"
"897","4574","3791"
"880","501","1209"
"1514","308","2069"
"1322","1633","8132"
"1442","2585","4199"
"1537","1484","4242"
"2102","392","8735"
"2101","4340","5909"
"197","1412","2754"
"1708","3238","1800"
"1713","4136","8828"
"1450","6749","1767"
"919","4360","4702"
"1043","1654","4841"
"1007","7363","652"
"947","2473","6306"
"1903","3778","4795"
"1507","693","2435"
"1703","2439","446"
"864","8376","1022"
"2196","2610","2084"
"1979","4804","8233"
"1872","6208","6351"
"1657","7955","394"
"1270","2433","1275"
"917","3474","5826"
"507","5646","7233"
"1845","1428","2016"
"1500","811","6372"
"874","4311","2704"
"1442","4572","7484"
"1115","3463","4961"
"2210","5454","1724"
"1681","4426","5573"
"772","2864","3330"
"983","4165","1938"
"1439","9038","7192"
"2068","662","6349"
"1046","1661","4621"
"302","2305","8461"
"2092","7324","7435"
"1647","8055","7734"
"1665","2545","3854"
"2044","2097","2308"
"990","1462","5827"
"946","5226","7903"
"1988","1242","77"
"1426","3503","7858"
"1597","7289","8870"
"506","6172","1380"
"1613","4147","3833"
"425","7461","3412"
"1284","7984","6927"
"1457","5838","3414"
"320","7821","6435"
"1935","8110","5610"
"1903","3691","3161"
"1236","1308","6403"
"581","7585","8827"
"1350","4469","7319"
"1656","6777","3083"
"1207","1311","537"
"2182","7699","6353"
"933","7521","2156"
"1413","8494","8018"
"1259","8740","6760"
"1407","6717","6838"
"43","3729","5747"
"1372","8047","487"
"2155","3519","8883"
"1442","6651","3684"
"1339","6624","4939"
"96","6596","7792"
"1450","7940","5383"
"264","3819","2076"
"2190","7587","2637"
"440","2669","2003"
"1846","4225","5276"
"2134","3674","8647"
"1192","3678","171"
"1284","2893","2811"
"1500","1042","5484"
"1973","5439","5002"
"85","6189","5719"
"1613","4873","6543"
"882","7686","5254"
"1824","6844","666"
"1156","5176","4665"
"1074","1521","8301"
"906","4200","4532"
"17","3016","6948"
"1047","7022","3508"
"2230","7548","6268"
"835","2650","798"
"911","5243","2687"
"1405","7540","6749"
"1699","5131","5358"
"919","6231","6628"
"1445","3555","1964"
"1446","1821","8468"
"1333","2323","5951"
"2105","6674","6357"
"2152","5228","7463"
"1749","8310","1649"
"543","4221","4825"
"1367","6388","6941"
"935","1972","7433"
"819","3912","7139"
"125","4082","94"
"1613","1273","7666"
"863","8444","1732"
"631","3486","5598"
"1628","2394","8244"
"835","1380","1366"
"2097","8778","8868"
"1984","3828","6889"
"2014","3195","6927"
"1632","4804","3991"
"1495","3860","6620"
"1868","1277","770"
"869","3941","4800"
"129","7011","701"
"582","2179","2796"
"627","9053","2156"
"157","2713","3045"
"1289","8516","7736"
"151","5617","761"
"1259","974","8943"
"924","3597","7503"
"1010","779","2055"
"965","6770","3271"
"1847","1732","5315"
"1695","6776","8077"
"932","7270","1862"
"682","4016","1892"
"212","8251","6818"
"1367","537","1420"
"1868","2779","4581"
"1384","6172","4009"
"926","2570","4913"
"122","7978","2763"
"1437","5658","2293"
"280","2240","1032"
"1459","3233","8992"
"1796","5336","6022"
"1154","3363","1021"
"2238","5411","5456"
"1878","798","8439"
"1976","793","8153"
"874","4867","6343"
"2183","7296","6271"
"1877","5280","529"
"1805","1506","5571"
"833","3688","8484"
"1326","7503","5340"
"1057","2589","3580"
"396","7110","3401"
"1729","322","8426"
"1681","4123","6836"
"1903","5199","1311"
"248","2670","1374"
"1052","2806","1567"
"1947","7135","4729"
"1701","1843","7804"
"946","581","4788"
"1647","7402","8771"
"1190","5514","255"
"776","2055","5750"
"725","240","1854"
"725","3642","1880"
"1785","1611","8081"
"425","2881","3427"
"585","7611","7503"
"1585","8714","7475"
"1921","6285","4281"
"1472","4377","1495"
"1369","960","3750"
"2204","7772","533"
"195","5091","6846"
"2081","5111","24"
"662","8015","8616"
"965","3849","329"
"1632","6338","1467"
"507","112","1806"
"1983","292","7810"
"1214","7142","5247"
"264","656","8785"
"1252","7576","1108"
"2014","6705","886"
"2056","2518","4896"
"2069","231","6769"
"1744","5730","8004"
"1190","1357","3491"
"833","6499","112"
"2035","6956","6890"
"280","1471","1767"
"842","65","963"
"1371","4456","8754"
"1778","6562","2539"
"692","1225","5795"
"2085","2744","2831"
"165","2547","1672"
"1020","493","4135"
"40","4430","6183"
"1437","8369","1612"
"1450","3507","2406"
"2092","7200","2669"
"1438","5605","7141"
"1405","1777","6762"
"1387","6359","1228"
"1597","6813","7263"
"521","3875","6409"
"1147","3870","3395"
"1259","8023","2348"
"1048","4388","2412"
"308","491","8998"
"1211","7635","1484"
"1869","8434","4429"
"915","7142","6708"
"2021","5458","791"
"1034","2746","5023"
"2204","1161","4034"
"1589","6534","868"
"2052","1916","3960"
"1591","4053","1121"
"809","7172","1512"
"1433","1379","803"
"540","2128","4607"
"935","6561","1717"
"1764","1674","6866"
"1054","7515","131"
"85","144","6594"
"2035","317","2174"
"1367","6680","7911"
"938","7784","6425"
