"bsn","bbsn","user_id"
"-0.989",296.65256539681906,"1671"
"-0.295",455.11551189968554,"1622"
"-0.083",19880.360710394907,"36"
"-0.030",5312.754252636706,"489"
"-0.025",-12223.605417938807,"5"
"-0.022",3515.9260360762646,"67"
"-0.021",3430.3365051823025,"10"
"-0.018",1372.8439542245342,"2121"
"-0.017",11629.725251745325,"2"
"-0.015",7692.299155634698,"291"
"-0.014",8480.941977098242,"810"
"-0.013",4778.852187523535,"1337"
"-0.012",-2933.3573021412585,"232"
"-0.011",2697.0617400286837,"615"
"-0.010",1900.941803957807,"7"
"-0.009",3146.011308796559,"458"
"-0.008",3916.764141577198,"13"
"-0.008",1497.5105429994812,"436"
"-0.007",275.9262637784096,"39"
"-0.006",1651.1252506990147,"261"
"-0.006",4562.634841152319,"818"
"-0.006",265.07447895379573,"339"
"-0.005",890.3537303510174,"52"
"-0.005",2583.117577230293,"1212"
"-0.005",754.0544527464815,"199"
"-0.004",1529.5467654496106,"181"
"-0.004",570.6144413455493,"620"
"-0.004",480.96779006435963,"1254"
"-0.004",-407.40518849698435,"1310"
"-0.004",-383.46531885960087,"287"
"-0.004",1084.2647821408596,"1974"
"-0.004",528.5000288827873,"1318"
"-0.004",-247.8017877032168,"92"
"-0.004",1197.8182052499149,"138"
"-0.004",1888.1517437900268,"11"
"-0.004",452.45490212766435,"435"
"-0.004",5019.104068429752,"126"
"-0.004",1953.765175461979,"995"
"-0.003",587.7523966003254,"206"
"-0.003",214.93834082328033,"147"
"-0.003",-69.00172869175518,"555"
"-0.003",171.43135312322545,"385"
"-0.003",2206.508357870614,"814"
"-0.003",652.8071500460642,"318"
"-0.003",202.7152758597466,"1629"
"-0.003",6.8455662372189465,"1598"
"-0.003",1355.6240862294217,"802"
"-0.003",339.504963573249,"720"
"-0.003",1321.1890400689156,"1560"
"-0.003",775.8878816555064,"1573"
"-0.003",64.58621922231244,"1525"
"-0.003",1631.4682283568445,"1269"
"-0.003",521.5546715067045,"300"
"-0.003",-375.4787989268926,"939"
"-0.003",972.9485185873988,"1440"
"-0.003",642.687934216281,"41"
"-0.002",208.69155273883572,"363"
"-0.002",213.19380984941836,"1119"
"-0.002",186.81654735514712,"767"
"-0.002",250.85439483431296,"1668"
"-0.002",656.7961380539216,"1579"
"-0.002",220.72416537593085,"1897"
"-0.002",745.3443070786752,"1036"
"-0.002",1164.793086565299,"627"
"-0.002",260.1007958469516,"2089"
"-0.002",1098.8062622674292,"1050"
"-0.002",42.68799417357264,"327"
"-0.002",184.10677128096808,"240"
"-0.002",190.44091233509957,"2131"
"-0.002",176.47946206521993,"1612"
"-0.002",221.04278762244587,"623"
"-0.002",228.00224570983175,"1991"
"-0.002",108.40568565089444,"1469"
"-0.002",130.62504585533117,"304"
"-0.002",-298.41459340149333,"1559"
"-0.002",267.67072151537013,"2017"
"-0.002",413.2283343433701,"443"
"-0.002",498.9515779130341,"524"
"-0.002",1784.5351544520165,"312"
"-0.002",2969.928561188727,"1241"
"-0.002",-282.9779992392283,"283"
"-0.002",55.95318140303428,"565"
"-0.002",680.6640472503523,"1544"
"-0.002",148.40341400148162,"1136"
"-0.002",143.81473866085045,"1508"
"-0.002",437.7862712315755,"829"
"-0.002",981.2347228515551,"702"
"-0.002",1062.8043628565072,"1585"
"-0.002",1103.5252216838448,"1002"
"-0.002",384.7579096487194,"891"
"-0.002",486.1046281312536,"1291"
"-0.002",229.56813312139516,"2205"
"-0.002",215.2132308476301,"1807"
"-0.002",1167.8870384833601,"333"
"-0.002",34.9698337141419,"1752"
"-0.002",-129.21644638996594,"334"
"-0.002",495.3572342612939,"1355"
"-0.002",466.102829636509,"851"
"-0.002",645.2291539874177,"62"
"-0.002",222.35904432689077,"442"
"-0.002",-167.1484527035483,"413"
"-0.002",1631.8086959881862,"354"
"-0.002",2238.832906227503,"25"
"-0.002",795.7625183346717,"26"
"-0.002",-15.786015381846497,"479"
"-0.002",256.1881989011114,"1299"
"-0.002",5307.419905587274,"64"
"-0.002",458.3174565507875,"397"
"-0.002",260.99888066103995,"364"
"-0.002",-49.611505660270694,"389"
"-0.002",212.41830151307823,"278"
"-0.002",340.548032486603,"1860"
"-0.002",1743.1678320093747,"185"
"-0.002",457.8733059254312,"1558"
"-0.002",248.37606646238652,"1830"
"-0.002",321.79876626262444,"840"
"-0.002",275.77671321717884,"617"
"-0.002",221.55446055912415,"2022"
"-0.002",1849.791946776978,"189"
"-0.002",2002.1786018068221,"8"
"-0.002",1298.4864905689828,"698"
"-0.002",157.728994019935,"1949"
"-0.002",387.8716792635937,"621"
"-0.002",366.41636526218633,"1591"
"-0.002",591.5330240713398,"1707"
"-0.002",260.93160549942735,"645"
"-0.002",836.2827609815597,"1039"
"-0.002",242.63996338537783,"491"
"-0.002",1033.3508767128876,"331"
"-0.002",212.75998878748328,"2149"
"-0.002",193.67264300292175,"1688"
"-0.001",109.6810492858189,"2123"
"-0.001",14.620351008502993,"1933"
"-0.001",-75.02743028018831,"1497"
"-0.001",496.82108356940665,"279"
"-0.001",22.780960328948773,"276"
"-0.001",73.73507904494917,"1125"
"-0.001",-732.3404540668693,"161"
"-0.001",2825.8727609236794,"253"
"-0.001",1166.102502386221,"1490"
"-0.001",170.8281514098262,"1210"
"-0.001",148.22079408960053,"727"
"-0.001",447.81502047012145,"54"
"-0.001",90.86026130297392,"2061"
"-0.001",691.7465593431878,"1947"
"-0.001",391.3164728899507,"1701"
"-0.001",269.47079392181183,"1396"
"-0.001",76.75149753250392,"1534"
"-0.001",223.6491375341665,"1990"
"-0.001",88.07012349231668,"453"
"-0.001",150.89829195720685,"1459"
"-0.001",146.06903315432754,"1697"
"-0.001",916.3309704112299,"880"
"-0.001",137.16232777976796,"1986"
"-0.001",567.8265451012252,"1520"
"-0.001",95.82203281228443,"1390"
"-0.001",11.665223624316894,"642"
"-0.001",832.7483232292203,"248"
"-0.001",347.6312608604489,"1788"
"-0.001",-7.1634164424367555,"1769"
"-0.001",138.34276548897293,"1012"
"-0.001",41.97535962792314,"1361"
"-0.001",171.92798370087004,"134"
"-0.001",251.02009550829928,"1658"
"-0.001",-58.74172990034416,"220"
"-0.001",54.42093666384357,"1732"
"-0.001",90.50406057995187,"1380"
"-0.001",847.6363184762188,"1656"
"-0.001",167.87304256412455,"1747"
"-0.001",654.8179284423688,"2208"
"-0.001",129.37263124306762,"1941"
"-0.001",202.86384180106342,"1995"
"-0.001",92.00753856446735,"2161"
"-0.001",9.007172060930984,"94"
"-0.001",95.19399963903506,"1398"
"-0.001",762.0272895076399,"889"
"-0.001",-56.21174197587254,"1401"
"-0.001",950.269998310645,"1862"
"-0.001",735.5120028528194,"1259"
"-0.001",291.0749653583505,"585"
"-0.001",163.19656618949014,"381"
"-0.001",6.774567415464944,"2110"
"-0.001",928.2373574030028,"475"
"-0.001",154.71271736708152,"1255"
"-0.001",502.63168470306886,"1496"
"-0.001",147.8403285087386,"1542"
"-0.001",527.0923406103743,"1127"
"-0.001",204.27296630689057,"1626"
"-0.001",-30.638822202514795,"837"
"-0.001",37.69067955397401,"1344"
"-0.001",275.0824201934779,"629"
"-0.001",857.9502060092275,"483"
"-0.001",864.5974062196005,"2044"
"-0.001",676.573580753574,"2021"
"-0.001",2657.7379709250777,"144"
"-0.001",507.9487913682526,"285"
"-0.001",1991.2856999463902,"31"
"-0.001",91.61793141501855,"1754"
"-0.001",85.35366263535282,"1022"
"-0.001",36.806506995702705,"1553"
"-0.001",482.54824095343713,"1810"
"-0.001",309.04323082812454,"607"
"-0.001",10.919688804443183,"445"
"-0.001",78.44735964121085,"528"
"-0.001",32.96387092498631,"1298"
"-0.001",232.38934254241087,"2086"
"-0.001",1094.475674418632,"70"
"-0.001",54.290117208014685,"387"
"-0.001",149.33621789981345,"1393"
"-0.001",168.64708521340586,"1218"
"-0.001",83.43350935402654,"1731"
"-0.001",368.64977096276954,"2213"
"-0.001",-24.845346933893893,"1376"
"-0.001",584.8920991422967,"1801"
"-0.001",234.7601857585977,"1166"
"-0.001",234.63843932922893,"1945"
"-0.001",44.39595041674501,"290"
"-0.001",52.80263539208667,"2141"
"-0.001",83.54415802777815,"2189"
"-0.001",77.30016383711617,"246"
"-0.001",73.7568372598818,"868"
"-0.001",190.435213410625,"2075"
"-0.001",929.0856593030574,"2219"
"-0.001",-244.356939150759,"1238"
"-0.001",-34.16149892278544,"1377"
"-0.001",84.30744937062619,"811"
"-0.001",-246.5647999080411,"1245"
"-0.001",-5.715233433574724,"1295"
"-0.001",174.7362549069172,"2034"
"-0.001",268.0713222684417,"2235"
"-0.001",238.27957241039985,"1389"
"-0.001",102.96578452026355,"599"
"-0.001",234.98346236122416,"500"
"-0.001",556.1901796445841,"2207"
"-0.001",435.62945737853903,"32"
"-0.001",83.31759464039948,"2012"
"-0.001",47.37806118485532,"1204"
"-0.001",312.55837639473356,"196"
"-0.001",18.96670430831709,"423"
"-0.001",1180.941485433299,"2143"
"-0.001",85.43744113031903,"1803"
"-0.001",81.02432585172083,"324"
"-0.001",131.45930535640412,"2194"
"-0.001",167.77980469900837,"1853"
"-0.001",978.1404787851219,"913"
"-0.001",-520.5995271687417,"1123"
"-0.001",556.8549302066696,"1976"
"-0.001",2576.8845758138614,"648"
"-0.001",1350.2656473258826,"856"
"-0.001",98.23609132541628,"980"
"-0.001",90.21409554553148,"961"
"-0.001",174.57929104197015,"2127"
"-0.001",109.27119983826209,"1771"
"-0.001",-83.1220246142253,"1843"
"-0.001",222.7167807733346,"1108"
"-0.001",157.31425655817796,"2229"
"-0.001",242.51442731268173,"1879"
"-0.001",105.81145117667745,"1917"
"-0.001",86.14349402363356,"1561"
"-0.001",177.87072880050613,"522"
"-0.001",174.61024283953583,"1346"
"-0.001",96.1794159224611,"1806"
"-0.001",424.9184612685934,"612"
"-0.001",283.0411260403698,"536"
"-0.001",473.61694449010383,"885"
"-0.001",334.2668641591497,"948"
"-0.001",1271.188292934488,"1426"
"-0.001",186.32318295925938,"18"
"-0.001",-384.6692846691422,"1308"
"-0.001",88.44721675909159,"1392"
"-0.001",364.14477771240615,"1038"
"-0.001",82.197329853716,"2043"
"-0.001",90.11584886806759,"870"
"-0.001",89.10781755074684,"519"
"-0.001",69.9730859776528,"1444"
"-0.001",87.70941583079328,"625"
"-0.001",74.03320952042979,"466"
"-0.001",883.6388283718065,"289"
"-0.001",311.3270491599021,"825"
"-0.001",194.01082180600207,"448"
"-0.001",-231.72268604562396,"1170"
"-0.001",92.80568708279027,"1865"
"-0.001",425.559487988678,"688"
"-0.001",-301.63312596770294,"1672"
"-0.001",164.79611826124818,"6"
"-0.001",56.153879301972864,"1407"
"-0.001",312.69858056644864,"721"
"-0.001",105.84390014017805,"514"
"-0.001",108.36329571521273,"1092"
"-0.001",1014.994230832611,"865"
"-0.001",96.19901255530233,"1717"
"-0.001",865.0099249944983,"1289"
"-0.001",287.15857631024494,"1008"
"-0.001",-103.04694779068387,"1753"
"-0.001",919.1535590581673,"1154"
"-0.001",178.51139110343345,"1061"
"-0.001",73.58799829978841,"794"
"-0.001",355.87454001870475,"478"
"-0.001",336.9567585837412,"63"
"-0.001",81.66983840940544,"1268"
"-0.001",108.12149577739306,"2198"
"-0.001",239.1862753596986,"1412"
"-0.001",618.3501403663454,"892"
"-0.001",134.22034938090349,"1113"
"-0.001",8.678678390108729,"1966"
"-0.001",259.77822759064014,"2195"
"-0.001",943.520871796894,"1382"
"-0.001",245.750541840788,"1461"
"-0.001",104.24528231872333,"1961"
"-0.001",-189.33838275549832,"254"
"-0.001",293.9624531796235,"2014"
"-0.001",303.0345567705647,"377"
"-0.001",143.30234573105488,"101"
"-0.001",174.08767599175857,"1257"
"-0.001",83.15507212517144,"788"
"-0.001",1708.3439170120907,"1162"
"-0.001",239.99700422638858,"2234"
"-0.001",86.22785665903302,"1795"
"-0.001",92.71930782959556,"229"
"-0.001",83.31394576630818,"2130"
"-0.001",220.31340501725327,"2107"
"-0.001",147.7735251567672,"495"
"-0.001",88.54347629606431,"633"
"-0.001",79.29236094113429,"622"
"-0.001",89.58440865157371,"441"
"-0.001",258.5569533391013,"2125"
"-0.001",162.0691795465912,"1163"
"-0.001",1112.58652065763,"351"
"-0.001",255.81452480399253,"1773"
"-0.001",642.5600503473536,"1315"
"-0.001",275.03321163260915,"1292"
"-0.001",1169.5233761236614,"1297"
"-0.001",94.48969076952113,"878"
"-0.001",156.44378177201105,"1958"
"-0.001",69.76100685920542,"526"
"-0.001",100.6768278433117,"145"
"-0.001",105.18614779497727,"375"
"-0.001",1210.3239185627094,"17"
"-0.001",101.91997214911626,"393"
"-0.001",55.43101242989033,"1276"
"-0.001",500.6374332136111,"2064"
"-0.001",46.44910611473706,"2118"
"-0.001",51.10783927208321,"1351"
"-0.001",645.5540783467981,"293"
"-0.001",256.9606791080678,"1183"
"-0.001",254.9896817062428,"1694"
"-0.001",329.32930595917514,"497"
"-0.001",605.8761267250478,"703"
"-0.001",316.84552342461666,"1279"
"-0.001",70.61526120326941,"218"
"-0.001",398.138473436279,"1003"
"-0.001",280.14520393280156,"2041"
"-0.001",818.368960880433,"662"
"-0.001",528.5177843547285,"1445"
"-0.001",664.150608187625,"190"
"-0.001",920.5464689221806,"323"
"-0.001",76.26505368196918,"1714"
"-0.001",172.16628339953292,"1328"
"-0.001",213.59687217891044,"1363"
"-0.001",308.76159177669996,"2101"
"-0.001",487.89279093327605,"1418"
"-0.001",52.993723109481635,"2113"
"-0.001",-1.5908541823479112,"1180"
"-0.001",949.0161393888238,"1141"
"-0.001",90.58094532494144,"1239"
"-0.001",452.6884368014297,"1148"
"0.000",11.510502086137777,"406"
"0.000",606.7557489822411,"1509"
"0.000",82.26681590436844,"2124"
"0.000",0.6649165486055892,"1686"
"0.000",0.30898005107439985,"849"
"0.000",66.2464797361051,"2228"
"0.000",146.48025857481585,"1905"
"0.000",151.96096884268303,"2055"
"0.000",12.820966270399282,"1698"
"0.000",436.2740996875109,"919"
"0.000",-7.192572570972914,"1894"
"0.000",76.98209609272453,"932"
"0.000",0,"1096"
"0.000",-1.1093277162844117,"1273"
"0.000",114.25687555333997,"1673"
"0.000",156.46667220091393,"1433"
"0.000",19.268485201474107,"733"
"0.000",-1.4210854715202004e-14,"269"
"0.000",9.971079543544946,"1594"
"0.000",4.466686772228144,"1728"
"0.000",-1.4210854715202004e-14,"125"
"0.000",465.9759358376166,"700"
"0.000",0,"43"
"0.000",135.70754919086548,"587"
"0.000",8.197875358332539,"1908"
"0.000",6.049316525084109,"1090"
"0.000",-0.04175319257548438,"1687"
"0.000",83.17818211804027,"349"
"0.000",737.2340988871923,"1533"
"0.000",1369.0261122021186,"1978"
"0.000",20.024359209059554,"1789"
"0.000",233.57454426573582,"2065"
"0.000",4.890832635787945,"1416"
"0.000",252.87384814681963,"1024"
"0.000",810.8732103626214,"1576"
"0.000",151.02597339222288,"677"
"0.000",16.22495106183551,"2226"
"0.000",86.51893662744843,"1954"
"0.000",89.97676966435536,"1232"
"0.000",596.0891728209795,"1028"
"0.000",71.21240519131011,"1543"
"0.000",2197.884667639086,"29"
"0.000",363.27219277855465,"96"
"0.000",134.88556099011402,"2068"
"0.000",1.393814326014322,"1890"
"0.000",1.4210854715202004e-14,"1787"
"0.000",300.528501878421,"2028"
"0.000",226.07325467545644,"631"
"0.000",-5.684341886080802e-14,"1551"
"0.000",632.016132129998,"1641"
"0.000",152.10053275272753,"2200"
"0.000",151.20476514410814,"1628"
"0.000",1331.3878479847042,"1979"
"0.000",-145.46597140023317,"1432"
"0.000",1088.8108312091633,"66"
"0.000",8.519357681357988,"661"
"0.000",111.52204651042548,"512"
"0.000",139.68522287402294,"340"
"0.000",431.63838251299387,"1653"
"0.000",30.86877392761786,"523"
"0.000",-61.30378757979162,"356"
"0.000",151.9676096042941,"1919"
"0.000",0.5122261414223885,"1970"
"0.000",13.038308575153238,"1572"
"0.000",179.69979037143395,"368"
"0.000",6.58806291631187,"1982"
"0.000",189.08463519564754,"1850"
"0.000",11.257679950117094,"538"
"0.000",588.7331280211985,"595"
"0.000",202.19792181487122,"2023"
"0.000",110.93801076986134,"2167"
"0.000",855.7382381589242,"924"
"0.000",223.2587770385637,"872"
"0.000",7.749714841743469,"1140"
"0.000",653.6723642236334,"1054"
"0.000",480.899777549818,"792"
"0.000",566.6635789768079,"1965"
"0.000",399.7727346190061,"896"
"0.000",86.05172836358257,"651"
"0.000",-16.058345231264866,"1005"
"0.000",-118.27362749882344,"359"
"0.000",186.4683435589735,"1449"
"0.000",78.31936743741205,"217"
"0.000",-1.1004877069754286,"1332"
"0.000",213.1187853229493,"985"
"0.000",-15.8386720814385,"1601"
"0.000",303.2634516724429,"1737"
"0.000",341.4814206023051,"2092"
"0.000",989.5029643171376,"2173"
"0.000",1.5827306323265304,"1721"
"0.000",8.287713274215406,"931"
"0.000",271.01700479959504,"1189"
"0.000",634.4503481884767,"718"
"0.000",0.026706199220370763,"1654"
"0.000",97.46691018603083,"1364"
"0.000",32.2236901997834,"1889"
"0.000",-21.119058301021596,"1112"
"0.000",142.6140909082877,"559"
"0.000",69.32978017679774,"1971"
"0.000",330.20529061476213,"2190"
"0.000",0.8365143458430424,"900"
"0.000",-0.13458650357857493,"405"
"0.000",267.09296357760377,"996"
"0.000",13.470082522641874,"762"
"0.000",14.640477086484736,"1197"
"0.000",180.41829523467374,"1063"
"0.000",0.8134654935395531,"1059"
"0.000",62.39455077489121,"679"
"0.000",583.8558539728614,"983"
"0.000",291.5355316379953,"1912"
"0.000",0,"976"
"0.000",287.3755861065907,"729"
"0.000",88.15103846967789,"1242"
"0.000",-0.10112982872720977,"408"
"0.000",127.091905984015,"782"
"0.000",256.19563548720794,"1160"
"0.000",618.5603627947085,"1514"
"0.000",488.89222707880634,"1338"
"0.000",8.526512829121202e-14,"1359"
"0.000",-0.3209125380255813,"982"
"0.000",1206.638293160022,"1079"
"0.000",121.75748236331151,"1152"
"0.000",0,"1384"
"0.000",154.23257551186757,"821"
"0.000",98.27218708818859,"1826"
"0.000",-118.05904414694788,"659"
"0.000",395.6091933307868,"2233"
"0.000",762.9551084937998,"2238"
"0.000",117.21469778929742,"1481"
"0.000",84.92998838049664,"1480"
"0.000",209.8034088824444,"9"
"0.000",-71.7100957588584,"903"
"0.000",138.13185350306443,"736"
"0.000",154.9304011067137,"566"
"0.000",20.101439417276353,"457"
"0.000",121.08148150848172,"592"
"0.000",235.93457786770858,"1041"
"0.000",110.66560301615425,"553"
"0.000",1.3501704617886787,"1640"
"0.000",390.32838686475986,"302"
"0.000",1132.885563989725,"1968"
"0.000",0,"927"
"0.000",120.81254004158842,"774"
"0.000",150.74110889730605,"1385"
"0.000",318.2135317671133,"1726"
"0.000",1.4210854715202004e-14,"165"
"0.000",145.58443043146573,"1233"
"0.000",495.74253774241896,"2162"
"0.000",-8.526512829121202e-14,"56"
"0.000",-0.373584143485985,"2231"
"0.000",217.5467960055235,"820"
"0.000",188.55247595701624,"1267"
"0.000",6.162637247212132,"894"
"0.000",31.365345467494336,"1357"
"0.000",6.4169637184102015,"245"
"0.000",-61.62118286979246,"1020"
"0.000",33.782912603565904,"1017"
"0.000",316.32083122285377,"484"
"0.000",0,"2216"
"0.000",10.690284093832773,"558"
"0.000",25.522706516746908,"1720"
"0.000",0.37347905005300674,"1885"
"0.000",-173.41191418863704,"1538"
"0.000",-55.856759486122485,"168"
"0.000",140.3945406575264,"1224"
"0.000",151.03863560649296,"598"
"0.000",27.917271032115224,"471"
"0.000",321.7806739706083,"2169"
"0.000",220.40269829366116,"1051"
"0.000",111.96187861344931,"1424"
"0.000",2.566929608359956,"1716"
"0.000",88.99354291302623,"1352"
"0.000",380.3746846654709,"1859"
"0.000",204.51884385175123,"2058"
"0.000",172.82237710027775,"1441"
"0.000",154.06939776425247,"2217"
"0.000",58.590890976377324,"1035"
"0.000",-0.8171303365711822,"367"
"0.000",138.78738578421996,"2091"
"0.000",219.7833373053514,"1735"
"0.000",5.84080075638344,"247"
"0.000",86.4629498199395,"1240"
"0.000",-66.12287692730341,"1881"
"0.000",207.41761442198137,"1182"
"0.000",139.38813829046833,"1946"
"0.000",74.99567853754013,"411"
"0.000",910.2612999703507,"869"
"0.000",247.73232575377295,"864"
"0.000",-0.14257586402831635,"2186"
"0.000",471.42839508560746,"672"
"0.000",37.62873910196417,"1584"
"0.000",164.21066135777812,"1454"
"0.000",0.35056774865306295,"316"
"0.000",4.883124284813263,"1282"
"0.000",-11.147704684036384,"256"
"0.000",146.11524551123273,"332"
"0.000",340.81354474915736,"1812"
"0.000",2.071331332074365,"628"
"0.000",195.53434438404366,"422"
"0.000",561.4515165133937,"2095"
"0.000",-1.1552403603417865,"215"
"0.000",102.8641216014922,"1275"
"0.000",77.33456515400907,"1107"
"0.000",-225.26731547892902,"1157"
"0.000",108.41361728219147,"1465"
"0.000",221.72782980967872,"1155"
"0.000",125.01550112741293,"1526"
"0.000",93.87746832980565,"1541"
"0.000",49.03913186041431,"1531"
"0.000",233.15570026463868,"1274"
"0.000",286.60017728387305,"1840"
"0.000",1088.3379682130726,"877"
"0.000",449.5463168936868,"1805"
"0.000",46.079728724431675,"299"
"0.000",143.47759169878725,"605"
"0.000",87.09967713164988,"1702"
"0.000",6.39348733075407,"971"
"0.000",59.94754831779049,"660"
"0.000",60.83069290715919,"1759"
"0.000",235.7796319535969,"236"
"0.000",21.233237771025628,"949"
"0.000",427.6844100221167,"1751"
"0.000",103.1508960272701,"1064"
"0.000",268.2703172533551,"454"
"0.000",5.148613957313415,"1193"
"0.000",23.734474786956746,"879"
"0.000",-119.1740975698153,"227"
"0.000",66.49937264548393,"73"
"0.000",12.237567243647163,"1169"
"0.000",169.49960075186306,"2179"
"0.000",273.77605986364813,"1874"
"0.000",-0.2638091448443447,"1171"
"0.000",604.8569861213738,"1138"
"0.000",132.68583379869446,"1085"
"0.000",-3.095333095134734,"239"
"0.000",-34.10704376861303,"121"
"0.000",338.41878567081943,"1353"
"0.000",-0.00046506332604678846,"1438"
"0.000",85.47907007711667,"561"
"0.000",0.2505825087946505,"755"
"0.000",136.42089533895896,"1184"
"0.000",13.504235054355306,"1031"
"0.000",8.46035789348502,"1670"
"0.000",1.2595901270983916,"2158"
"0.000",102.0561577400752,"15"
"0.000",277.9140559294409,"859"
"0.000",1008.823830330837,"842"
"0.000",17.589773167060528,"1129"
"0.000",82.80889284756906,"2062"
"0.000",380.449550533626,"1367"
"0.000",-7.573951880537734,"244"
"0.000",884.3280503135953,"1192"
"0.000",38.685397862716,"2206"
"0.000",148.51772168651314,"1088"
"0.000",-20.575032050019146,"1124"
"0.000",51.48740130409905,"1738"
"0.000",148.79900261128367,"1725"
"0.000",89.0209691647161,"1243"
"0.000",-116.0340631377414,"251"
"0.000",1004.533449481931,"1270"
"0.000",0,"1436"
"0.000",1.1625432099195905,"960"
"0.000",8.526512829121202e-14,"1516"
"0.000",620.3675936632972,"2008"
"0.000",175.38015983633778,"2210"
"0.000",129.69055979749368,"1455"
"0.000",-0.10112982872720977,"321"
"0.000",59.266491559403335,"2223"
"0.000",-5.684341886080802e-14,"402"
"0.000",6.779680252353913,"804"
"0.000",8.526512829121202e-14,"1934"
"0.000",235.53366479756528,"866"
"0.000",0.9982976104362677,"2104"
"0.000",-129.8395196220793,"1487"
"0.000",2.8105447649002286,"991"
"0.000",44.919492444602724,"1391"
"0.000",0,"776"
"0.000",88.6094155405095,"467"
"0.000",-51.03835974190764,"2026"
"0.000",-306.01309500681907,"1636"
"0.000",1048.4772845754967,"1177"
"0.000",113.17919671993053,"1121"
"0.000",44.714672337977824,"1882"
"0.000",-2.2777324669361008,"1566"
"0.000",588.3894451304247,"1343"
"0.000",119.01796334898178,"724"
"0.000",1418.7257730943143,"1785"
"0.000",-66.59000170596852,"1323"
"0.000",-7.768508179888158,"1222"
"0.000",777.3567581356635,"1921"
"0.000",538.2363119039563,"372"
"0.000",-239.6399882186078,"1358"
"0.000",29.027741719498948,"600"
"0.000",759.6640324852051,"772"
"0.000",-804.4608325002271,"335"
"0.000",0,"1596"
"0.000",11.366426652322318,"1931"
"0.000",113.8220196169987,"1756"
"0.000",418.1381656820404,"808"
"0.000",-306.858854984856,"1695"
"0.000",80.51108655628039,"1768"
"0.000",0,"1360"
"0.000",436.24434952148374,"952"
"0.000",7.575797418376126,"1399"
"0.000",0.14967284088400845,"986"
"0.000",128.3094574934166,"857"
"0.000",264.13631225934114,"619"
"0.000",77.58209508408157,"890"
"0.000",708.2588304677653,"1214"
"0.000",522.6912384269941,"1394"
"0.000",8.19433574081333,"1341"
"0.000",1089.5601768213166,"1074"
"0.000",351.1140209279782,"517"
"0.000",73.64263005497446,"1873"
"0.000",142.92933076663564,"1999"
"0.000",405.3853808213695,"1957"
"0.000",-135.51650171467395,"1111"
"0.000",-0.18075968094585448,"1082"
"0.000",-211.1665200422076,"2102"
"0.000",5.684341886080802e-14,"129"
"0.000",0.0308458844174595,"203"
"0.000",83.43769726562505,"1838"
"0.000",641.55911682212,"1181"
"0.000",1238.715509921846,"789"
"0.000",-82.6665403170484,"1491"
"0.000",69.12021641216022,"1023"
"0.000",0.1977104871462103,"1172"
"0.000",-110.78716232087412,"1208"
"0.000",-67.98963984680354,"511"
"0.000",1040.8099846131902,"1333"
"0.000",20.70745701542313,"1610"
"0.000",246.05438993103448,"1034"
"0.000",5.295903457023201,"943"
"0.000",323.1628259680607,"2003"
"0.000",1.0521174068237826,"330"
"0.000",1095.7534047934798,"451"
"0.000",-0.17068007010826136,"1220"
"0.000",16.879868257520783,"1466"
"0.000",-3.2427713813876267,"348"
"0.000",982.7466394041805,"1634"
"0.000",-23.831904393082453,"112"
"0.000",147.75563897241858,"560"
"0.000",319.4311305282292,"1042"
"0.000",126.19830801514729,"613"
"0.000",-2.428421672653897,"268"
"0.000",69.56007835532381,"1745"
"0.000",22.983816090767334,"2016"
"0.000",75.32019398283646,"1404"
"0.000",10.372121940401755,"830"
"0.000",0,"1545"
"0.000",522.5085778441434,"1581"
"0.000",414.7006073784006,"1482"
"0.000",248.88971129721293,"1657"
"0.000",0,"988"
"0.000",295.03747877462524,"964"
"0.000",109.21341635199033,"601"
"0.000",69.08177415752023,"82"
"0.000",57.76098423166515,"2000"
"0.000",-121.1605366851628,"202"
"0.000",619.0592052748755,"2203"
"0.000",155.60032908318482,"610"
"0.000",0,"1425"
"0.000",51.45427767766258,"678"
"0.000",39.27755504932502,"1906"
"0.000",-0.20823751563378323,"812"
"0.000",1166.4992749462435,"579"
"0.000",-0.4425110153292593,"510"
"0.000",32.45702497495937,"1176"
"0.000",4.386715667437386,"1186"
"0.000",585.9622983423546,"212"
"0.000",231.50474321619373,"28"
"0.000",137.07311684976509,"1796"
"0.000",-228.57052482834123,"1089"
"0.000",720.4213785023053,"1147"
"0.000",616.2933383071597,"917"
"0.000",6.5830476928411485,"1605"
"0.000",0.30316159886420735,"1555"
"0.000",-0.08602290053822514,"515"
"0.000",91.52424069436688,"1256"
"0.000",82.35705214646954,"2142"
"0.000",43.06848769298426,"1000"
"0.000",-27.831116512073248,"706"
"0.000",953.3785761005656,"2139"
"0.000",944.008087734962,"666"
"0.000",-3.126388037344441e-13,"1423"
"0.000",0,"956"
"0.000",3.7191883599115685,"216"
"0.000",-1.8474111129762605e-13,"958"
"0.000",-112.45972636504474,"295"
"0.000",1.0263905853404225,"1730"
"0.000",109.81811468804952,"1655"
"0.000",90.01091088896405,"694"
"0.000",176.74423166385472,"213"
"0.000",-169.78442764777338,"1114"
"0.000",593.9728524296838,"833"
"0.000",0.5749041070191225,"1244"
"0.000",7.961278545216388,"752"
"0.000",7.471970758796473,"1013"
"0.000",-50.69427860358637,"1760"
"0.000",96.99853428177647,"594"
"0.000",0,"460"
"0.000",-0.3509497836322737,"2201"
"0.000",0.3056424850491055,"499"
"0.000",93.4669708828227,"265"
"0.000",-52.52314511944661,"1839"
"0.000",154.48709496473788,"893"
"0.000",6.590406791634578,"993"
"0.000",971.4160071642234,"568"
"0.000",0.3139769424950458,"805"
"0.000",24.202063905930586,"1822"
"0.000",89.77626697855304,"2111"
"0.000",149.34188023079798,"1139"
"0.000",-1.8474111129762605e-13,"2165"
"0.000",758.1507402199788,"100"
"0.000",-0.41595118584478996,"1223"
"0.000",2.6963122552282073,"925"
"0.000",343.7460593867127,"1342"
"0.000",147.7949801345106,"2039"
"0.000",-2.021745232017537,"429"
"0.000",66.043992351581,"835"
"0.000",9.36898306507203,"1498"
"0.000",0.281114148278391,"141"
"0.000",93.48971300963485,"1026"
"0.000",51.83285720309688,"211"
"0.000",1055.0866759922687,"1320"
"0.000",55.2138562061551,"1420"
"0.000",-60.17706350752734,"1191"
"0.000",-0.33939334047191494,"901"
"0.000",-1.4210854715202004e-14,"449"
"0.000",18.770108026594613,"2185"
"0.000",0.7317386935335435,"1421"
"0.000",224.10792386186247,"828"
"0.000",70.96100861979272,"1989"
"0.000",127.047125122549,"1587"
"0.000",13.241951237104466,"1091"
"0.000",611.6874559443827,"839"
"0.000",189.9737777247788,"1075"
"0.000",85.14770055674039,"539"
"0.000",215.32067267667233,"1128"
"0.000",258.71844870528304,"1284"
"0.000",665.8176080802382,"874"
"0.000",52.70254009406696,"1899"
"0.000",278.8059516412536,"1691"
"0.000",-0.1487166777831419,"2009"
"0.000",616.8131130948312,"2108"
"0.000",0,"946"
"0.000",92.22672576266062,"1494"
"0.000",357.9841910562279,"2182"
"0.000",46.113317847036726,"1045"
"0.000",5.684341886080802e-14,"1307"
"0.000",324.2872798183337,"770"
"0.000",-37.131158038432815,"271"
"0.000",257.9018257135337,"1883"
"0.000",0.17572099052217993,"417"
"0.000",-19.405838798296816,"1175"
"0.000",678.2044138772823,"529"
"0.000",601.346115301616,"791"
"0.000",137.77286133781467,"775"
"0.000",881.7156683248446,"2152"
"0.000",-95.08527827697675,"2040"
"0.000",353.31062123935425,"1263"
"0.000",907.3553316271916,"1833"
"0.000",149.29437844660987,"2025"
"0.000",919.2542635365356,"1682"
"0.000",85.48371011987066,"1431"
"0.000",-0.7216054519913939,"120"
"0.000",43.90190838347464,"2082"
"0.000",-1.4210854715202004e-14,"695"
"0.000",0.4847803476890391,"1415"
"0.000",15.593426128635869,"1510"
"0.000",-173.18661646060403,"1368"
"0.000",509.5469550475894,"1749"
"0.000",307.35631522724,"2006"
"0.000",111.78845677033189,"1692"
"0.000",100.77912639976866,"1194"
"0.000",9.136338040152424,"1705"
"0.000",-7.815970093361102e-13,"1463"
"0.000",38.25052043633234,"1829"
"0.000",290.4864427319112,"315"
"0.000",34.276922371847824,"1841"
"0.000",138.64639875098197,"841"
"0.000",26.321530074188864,"1030"
"0.000",24.63130240876962,"1614"
"0.000",140.50102300831185,"803"
"0.000",-1.4210854715202004e-14,"2057"
"0.000",39.38568325071438,"35"
"0.000",115.8949082691622,"2063"
"0.000",11.474703401769972,"963"
"0.000",-78.50832294637965,"1278"
"0.000",711.8536184990819,"400"
"0.000",747.0914378606549,"2015"
"0.000",61.67864794853787,"1880"
"0.000",1.4210854715202004e-14,"1266"
"0.000",668.1765610611774,"391"
"0.000",120.35928872474494,"487"
"0.000",26.48713303129658,"1718"
"0.000",994.4935404894641,"1190"
"0.000",101.99440881256513,"1664"
"0.000",-122.06363562954485,"2183"
"0.000",0.43551504929381224,"714"
"0.000",631.6572737732786,"1920"
"0.000",724.2578588695718,"906"
"0.000",283.35410318906673,"909"
"0.000",152.86250374524494,"1321"
"0.000",0.2505825087946505,"745"
"0.000",0,"152"
"0.000",-86.41770599293542,"1049"
"0.000",0,"1685"
"0.000",1.0645679831113029,"428"
"0.000",223.65440112324396,"1786"
"0.000",1.6146595151693504,"747"
"0.000",10.588887932898302,"1324"
"0.000",52.52271692485512,"164"
"0.000",802.2431059542907,"1098"
"0.000",-364.40909791914,"1325"
"0.000",-90.98262062170528,"186"
"0.000",22.994728254140355,"1548"
"0.000",617.5112221602777,"501"
"0.000",147.4667668025686,"790"
"0.000",0.00033104480554868587,"1489"
"0.000",191.62093175391436,"652"
"0.000",111.76669715543359,"273"
"0.000",-0.2928290268533402,"51"
"0.000",32.818295545233894,"951"
"0.000",-223.687776596162,"350"
"0.000",138.13185350306443,"758"
"0.000",135.2917739812708,"2080"
"0.000",83.78816011874459,"2128"
"0.000",628.1435099072952,"2196"
"0.000",394.3663761281193,"176"
"0.000",365.69361168191847,"576"
"0.000",188.74238442599952,"1831"
"0.000",-43.01349660177496,"292"
"0.000",121.52544428848046,"1331"
"0.000",17.202914073850906,"929"
"0.000",912.0194675857521,"663"
"0.000",433.2880075690111,"1552"
"0.000",648.1879755236744,"1589"
"0.000",1.4210854715202004e-14,"1493"
"0.000",0.05375493346367932,"1811"
"0.000",72.82975922600285,"2038"
"0.000",276.79070896571216,"1373"
"0.000",575.0978982834058,"764"
"0.000",41.63029906930707,"556"
"0.000",42.60236527646145,"940"
"0.000",76.32856303233996,"173"
"0.000",0,"1963"
"0.000",319.1676010526324,"42"
"0.000",0,"876"
"0.000",0.7105366777103086,"113"
"0.000",63.81998337957171,"1742"
"0.000",-81.25712219843551,"632"
"0.000",414.86238798605496,"440"
"0.000",-59.95037409617922,"2054"
"0.000",121.18325987101127,"1004"
"0.000",93.39947703278929,"1313"
"0.000",222.69468699620592,"19"
"0.000",-369.03079238671455,"160"
"0.000",11.058465493290186,"644"
"0.000",89.50633575658485,"1857"
"0.000",502.43495628078773,"1262"
"0.000",76.00336173682061,"357"
"0.000",151.76478229710082,"1143"
"0.000",-433.94531600963495,"769"
"0.000",-1.7053025658242404e-13,"266"
"0.000",142.2817277839555,"1287"
"0.000",749.0518018595619,"1550"
"0.000",-159.0246053546761,"366"
"0.000",0,"307"
"0.000",0,"91"
"0.000",568.2280252281969,"305"
"0.000",298.9584616182657,"1606"
"0.000",0,"1312"
"0.000",6.58806291631187,"743"
"0.000",186.73698861533188,"1484"
"0.000",30.63485185542342,"1940"
"0.000",553.2995048911281,"1984"
"0.000",312.4099420234014,"1602"
"0.000",130.34443205253237,"1662"
"0.000",15.650158615180146,"823"
"0.000",136.83811147366745,"822"
"0.000",-76.11775051314378,"1118"
"0.000",299.46112628201723,"1025"
"0.000",7.57165935201337,"175"
"0.000",3.694096682082389,"596"
"0.000",12.11271265888169,"50"
"0.000",-89.02096916471612,"1319"
"0.000",148.35723763331708,"1104"
"0.000",0,"699"
"0.000",273.6917786997059,"1975"
"0.000",-0.9508360446611164,"1936"
"0.000",46.33956316661613,"1603"
"0.000",-359.5871691385512,"128"
"0.000",233.91561968715433,"1942"
"0.000",12.892887877405983,"1992"
"0.000",138.77368024609652,"344"
"0.000",301.6380280522166,"1078"
"0.000",60.60624327159813,"534"
"0.000",18.906983601077478,"2140"
"0.000",0.7395685531409129,"1522"
"0.000",44.64678732291664,"1967"
"0.000",4.404590286666036,"637"
"0.000",83.20781835420179,"355"
"0.000",-4.689582056016661e-13,"1403"
"0.000",87.0111831374994,"222"
"0.000",157.3857569940079,"1006"
"0.000",123.27918809502731,"922"
"0.000",0.780337225303029,"787"
"0.000",623.5531002028362,"2099"
"0.000",483.63278955769033,"182"
"0.000",378.5408709272014,"1950"
"0.000",88.94522840712118,"1549"
"0.000",0,"563"
"0.000",155.1411474806246,"1474"
"0.000",96.47871151157206,"1616"
"0.000",-549.6226297454426,"1613"
"0.000",0.7405153924559045,"667"
"0.000",-794.8254791588861,"481"
"0.000",7.016738911175395,"1828"
"0.000",214.22581196344257,"1779"
"0.000",245.42849924552633,"2098"
"0.000",48.45080111001844,"1804"
"0.000",171.82907538028905,"438"
"0.000",95.71390302437447,"382"
"0.000",638.0570618172094,"853"
"0.000",988.1698154147778,"378"
"0.000",95.03382335684442,"2073"
"0.000",410.691129672249,"1349"
"0.000",258.50100911986715,"799"
"0.000",19.2610337547778,"1044"
"0.000",-121.89347190353047,"97"
"0.000",-13.677104276192651,"1823"
"0.000",246.8536988495901,"1848"
"0.000",75.63374496594655,"589"
"0.000",378.95317466792454,"1167"
"0.000",434.3193712839098,"567"
"0.000",39.307889249824385,"682"
"0.000",640.7473010454763,"44"
"0.000",284.13649062273805,"1144"
"0.000",0,"2150"
"0.000",0.3300032312039747,"816"
"0.000",134.18900646491335,"1646"
"0.000",0,"507"
"0.000",233.18370428311738,"944"
"0.000",-0.5991233106696399,"419"
"0.000",5.254634560498474,"1336"
"0.000",1.2687301796943586,"664"
"0.000",-166.73596507491146,"551"
"0.000",0,"95"
"0.000",2.303004906519419,"1540"
"0.000",94.88915971285634,"1434"
"0.000",690.6253104017015,"965"
"0.000",0.5531032390445318,"1250"
"0.000",-0.08822002667008633,"172"
"0.000",775.6277050601581,"521"
"0.000",-411.23505711033675,"981"
"0.000",384.1581156413476,"1334"
"0.000",-7.768508179888158,"1221"
"0.000",51.02725368052292,"249"
"0.000",344.9797657137044,"1678"
"0.000",12.679882804291111,"639"
"0.000",0,"209"
"0.000",11.30194396892415,"74"
"0.000",191.39835626084425,"1774"
"0.000",207.83686288368133,"947"
"0.000",177.75862598574662,"1748"
"0.000",0.8353864823987323,"1411"
"0.000",2.0200070153851897,"972"
"0.000",0.2505825087946505,"761"
"0.000",0,"1084"
"0.000",-86.67266844474187,"90"
"0.000",1.6173877834902584,"904"
"0.000",145.63544513466968,"1428"
"0.000",480.98059197484815,"1151"
"0.000",-8.526512829121202e-14,"498"
"0.000",0,"862"
"0.000",2.1673013053966486,"1185"
"0.000",91.04772315073286,"469"
"0.000",41.74001364243237,"494"
"0.000",-237.33858234442926,"118"
"0.000",198.6283673501258,"1265"
"0.000",656.585602668595,"1793"
"0.000",115.54462918457867,"488"
"0.000",935.2305160197764,"1048"
"0.000",5.41034037328734,"1101"
"0.000",83.55566161325584,"360"
"0.000",3.276174934349683,"1770"
"0.000",104.00718278292177,"726"
"0.000",2.4210170115398455,"1215"
"0.000",2.9459269933801835,"1476"
"0.000",138.89644252670078,"2105"
"0.000",159.32181281008874,"1727"
"0.000",186.20019146574148,"2224"
"0.000",77.65421604808672,"12"
"0.000",62.76398132029268,"1792"
"0.000",75.23471353976711,"1574"
"0.000",224.52408338038737,"1283"
"0.000",18.38597269740103,"899"
"0.000",-1.256065252062001,"675"
"0.000",141.7179629462012,"696"
"0.000",5.684015142956369,"969"
"0.000",-379.7164993071365,"264"
"0.000",-0.46579345033296704,"1253"
"0.000",566.960815142314,"270"
"0.000",486.64056309996243,"898"
"0.000",0,"384"
"0.000",770.3398001720797,"1713"
"0.000",64.66324285672329,"1145"
"0.000",882.1792452794251,"826"
"0.000",-35.269678043441004,"2114"
"0.000",5.3141988066143,"1226"
"0.000",654.6162241618734,"911"
"0.000",646.6635601430551,"855"
"0.000",461.81968646899213,"1615"
"0.000",0,"1248"
"0.000",2.7000623958883807e-13,"1564"
"0.000",196.0776958500649,"2160"
"0.000",277.37787628866147,"1844"
"0.000",657.0584941077185,"711"
"0.000",67.09840509993137,"768"
"0.000",702.3438588014967,"838"
"0.000",1.4210854715202004e-14,"280"
"0.000",-3.230220294651531,"1928"
"0.000",-1.0128747007450158,"88"
"0.000",9.861009027280673,"188"
"0.000",0.5261353179640906,"461"
"0.000",621.7319454093873,"1878"
"0.000",178.49387486318932,"1467"
"0.000",5.684341886080802e-14,"2155"
"0.000",8.526512829121202e-14,"1046"
"0.000",244.9626720260428,"2164"
"0.000",11.599387871987606,"1932"
"0.000",143.23004273639637,"650"
"0.000",165.12189324816663,"226"
"0.000",172.97042291189467,"843"
"0.000",37.63627604503404,"1161"
"0.000",21.99987307625932,"447"
"0.000",64.80462550687798,"1911"
"0.000",0,"298"
"0.000",440.27065460129586,"1647"
"0.000",89.0563106644977,"1944"
"0.000",-94.84909069986708,"2129"
"0.000",1.5150297916100044,"1639"
"0.000",748.7779792530118,"2153"
"0.000",-104.25795790081318,"1495"
"0.000",76.77363775057482,"1021"
"0.000",64.33047066036738,"1165"
"0.000",1158.752466491152,"1429"
"0.000",3.9343732808497265,"807"
"0.000",140.73373643324598,"624"
"0.000",0.6876650646183293,"681"
"0.000",228.21155512406494,"361"
"0.000",36.59532688024928,"1173"
"0.000",4.103903065424959,"2227"
"0.000",0,"1557"
"0.000",140.97004410074047,"785"
"0.000",408.110645343634,"472"
"0.000",88.15958145553235,"643"
"0.000",-29.779461991212756,"2074"
"0.000",210.16393617491568,"537"
"0.000",81.70706209700866,"1914"
"0.000",0,"373"
"0.000",999.8004328566365,"252"
"0.000",-0.1827449161560537,"1199"
"0.000",-850.9584948882775,"1316"
"0.000",534.5923596062137,"1086"
"0.000",144.12744834223082,"2078"
"0.000",69.78717644989293,"722"
"0.000",-656.4041841307493,"1097"
"0.000",0.059216305081861265,"1374"
"0.000",-0.18962232240964738,"369"
"0.000",94.04343747761631,"243"
"0.000",0.43876995914068573,"2010"
"0.000",0.2848277380465021,"902"
"0.000",693.0765834740945,"1309"
"0.000",30.84501564808,"740"
"0.000",147.52959820898192,"1178"
"0.000",205.18838880240946,"2166"
"0.000",407.036669824699,"2027"
"0.000",-37.093052337025426,"230"
"0.000",-43.02713371649136,"1864"
"0.000",352.38023829111006,"2236"
"0.000",-90.09916269024006,"573"
"0.000",41.04688015870547,"1998"
"0.000",14.842199473384454,"1451"
"0.000",16.48653659162909,"987"
"0.000",44.61644375150369,"2007"
"0.000",114.43775955095441,"2199"
"0.000",2.045737363564271,"852"
"0.000",23.187461475637022,"1927"
"0.000",112.73440096727387,"611"
"0.000",0,"1246"
"0.000",198.2516330570071,"1206"
"0.000",0.25559183204424585,"1937"
"0.000",445.0487987285463,"1775"
"0.000",0.6494066412020061,"708"
"0.000",-89.9068531943224,"455"
"0.000",198.7623922505254,"1630"
"0.000",158.14409526872217,"1693"
"0.000",410.0540288406016,"1592"
"0.000",10.220026167040345,"713"
"0.000",411.2520484879462,"1205"
"0.000",3.530811399012407,"930"
"0.000",0,"701"
"0.000",139.2831517048889,"1861"
"0.000",40.10881976294187,"132"
"0.000",81.91459042537964,"322"
"0.000",684.55435878504,"1414"
"0.000",86.39562422573991,"1953"
"0.000",855.3620789432123,"1106"
"0.000",345.40644031256966,"1052"
"0.000",914.7960976879694,"1413"
"0.000",-4.689582056016661e-13,"1202"
"0.000",6.58806291631187,"744"
"0.000",2.1569324385124844,"2138"
"0.000",-1.8120517219844743,"1462"
"0.000",126.04078438340983,"527"
"0.000",82.07047002262695,"490"
"0.000",26.440898065049986,"286"
"0.000",15.967641721674582,"376"
"0.000",1177.7437425573082,"860"
"0.000",45.15134425251995,"480"
"0.000",108.14916833829895,"2067"
"0.000",605.4699359932742,"1834"
"0.000",0.059216305081861265,"1470"
"0.000",760.232723635344,"989"
"0.000",127.53789740892093,"1159"
"0.000",26.010420171007212,"2117"
"0.000",854.9388481965251,"725"
"0.000",122.09852629520852,"832"
"0.000",423.03605853414695,"907"
"0.000",87.62823030827596,"1784"
"0.000",199.2665255288927,"1766"
"0.000",457.1218751298695,"1001"
"0.000",0.2505825087946505,"746"
"0.000",216.20081022852924,"2024"
"0.000",24.63130240876962,"1863"
"0.000",110.41510945181506,"1764"
"0.000",0.3578837092882594,"2187"
"0.000",259.7105563706167,"1335"
"0.000",82.51854712078654,"1305"
"0.000",0.4265493179069182,"1943"
"0.000",628.2187709179515,"1869"
"0.000",184.27777844686523,"918"
"0.000",446.72937901052063,"1293"
"0.000",271.1100392277265,"848"
"0.000",79.2215065130111,"2133"
"0.000",133.56588877418295,"430"
"0.000",-3.126388037344441e-13,"158"
"0.000",439.66308064477516,"1703"
"0.000",-0.11603956719254427,"459"
"0.000",98.33286747603256,"1783"
"0.000",-3.126388037344441e-13,"1588"
"0.000",172.36711208058423,"2051"
"0.000",-2.329091830060449,"123"
"0.000",231.14591838051933,"881"
"0.000",2.6313095840408494,"544"
"0.000",12.913544183824072,"1631"
"0.000",254.48112499370035,"2120"
"0.000",0,"1680"
"0.000",300.1376341234883,"606"
"0.000",876.6512715072594,"2134"
"0.000",67.51176510325384,"1667"
"0.000",1174.9959459708207,"308"
"0.000",35.25921302451587,"1072"
"0.000",87.52574527450818,"1586"
"0.000",142.61597129558876,"614"
"0.000",23.43007181179196,"24"
"0.000",429.7437527702971,"966"
"0.000",92.07481014508659,"1607"
"0.000",-0.07949167750801678,"1055"
"0.000",181.57937112214978,"1188"
"0.000",2.013238882074276,"49"
"0.000",150.7349299818075,"1955"
"0.000",133.9458878003151,"1502"
"0.000",454.73196909068946,"1969"
"0.000",3.8880225278177676,"1642"
"0.000",-1.036377432676744,"1580"
"0.000",-5.684341886080802e-14,"477"
"0.000",142.74892133807177,"781"
"0.000",223.492467537126,"1554"
"0.000",414.92265726626425,"1362"
"0.000",565.9343150482248,"858"
"0.000",111.01831304241475,"1799"
"0.000",10.989034958167665,"1213"
"0.000",-700.1751239684767,"873"
"0.000",48.201501844747774,"1505"
"0.000",141.15078192263817,"1311"
"0.000",107.9600379396326,"414"
"0.000",29.838674848389196,"1053"
"0.000",927.3908014483766,"1452"
"0.000",1.6146595151693504,"735"
"0.000",402.3461640860038,"1813"
"0.000",3.631574457187554,"166"
"0.000",311.15637067724174,"1846"
"0.000",26.016678957380975,"1648"
"0.000",344.41141351529586,"2045"
"0.000",0,"410"
"0.000",55.56259559472315,"2211"
"0.000",829.3289575950773,"2011"
"0.000",0,"1381"
"0.000",0,"597"
"0.000",237.3426161900815,"193"
"0.000",36.5463133155168,"1435"
"0.000",288.32733012006713,"730"
"0.000",0.366823064788278,"548"
"0.000",-154.45336204523323,"1087"
"0.000",247.39381521224993,"1902"
"0.000",2.2966282057457477,"1635"
"0.000",52.62748012605054,"709"
"0.000",7.129882758499122,"47"
"0.000",31.331210695051595,"2180"
"0.000",0.64070356836379,"1105"
"0.000",0.16712511632121618,"886"
"0.000",389.74258848594144,"177"
"0.000",1521.1094933819893,"2001"
"0.000",835.8479062735591,"1405"
"0.000",42.303760654324066,"1231"
"0.000",0.5776761928894416,"1117"
"0.000",155.63185948691287,"110"
"0.000",134.16120682442545,"1710"
"0.000",-32.45217581316709,"557"
"0.000",122.51020170538666,"485"
"0.000",831.6549993409528,"1439"
"0.000",0.1970530913161923,"1081"
"0.000",75.89565175599958,"1102"
"0.000",85.3988294273446,"2106"
"0.000",32.946494179087296,"1453"
"0.000",305.8308767727693,"1198"
"0.000",-0.4170873412408156,"341"
"0.000",-244.94979298668983,"1506"
"0.000",213.86447382007128,"1195"
"0.000",115.5785254744146,"170"
"0.000",84.38483189061024,"712"
"0.000",-0.2839556309894249,"192"
"0.000",227.8441953071798,"1696"
"0.000",126.06592633939111,"1174"
"0.000",162.80556977378524,"1740"
"0.000",3.7673781978101175,"2170"
"0.000",0.2702093163632071,"1575"
"0.000",0.12946929297416432,"1835"
"0.000",118.49943320573118,"1365"
"0.000",1.865078558571085,"689"
"0.000",136.4952440531547,"674"
"0.000",195.53940914527396,"630"
"0.000",172.7531992111805,"575"
"0.000",47.257354927881856,"1723"
"0.000",0.09127945823132677,"1492"
"0.000",1.3107815102371632,"401"
"0.000",0.4435729066078551,"2191"
"0.000",321.2666953584492,"1456"
"0.000",0.32968140433091264,"1483"
"0.000",13.470082522641874,"739"
"0.000",195.5903713244075,"1094"
"0.000",336.19475540968347,"1948"
"0.000",97.68814736370717,"1110"
"0.000",98.65135749910846,"1743"
"0.000",30.84501564808,"741"
"0.000",0,"716"
"0.000",837.5216432283811,"897"
"0.000",1.4210854715202004e-14,"543"
"0.000",-53.13363003842143,"1562"
"0.000",3.2070180066601637,"1473"
"0.000",536.8436505992097,"85"
"0.000",27.553691439117415,"1130"
"0.000",1349.2143329965284,"21"
"0.000",355.5077540432507,"1814"
"0.000",156.80456995601267,"2119"
"0.000",566.4042102666856,"1765"
"0.000",3.2649013320148725,"1027"
"0.000",40.06241946316233,"1593"
"0.000",0,"1926"
"0.000",300.18398390890343,"1832"
"0.000",601.5736964313282,"635"
"0.000",-0.5156407553177473,"388"
"0.000",82.82393716444953,"151"
"0.000",425.1058047299196,"205"
"0.000",309.49214973871244,"2029"
"0.000",207.03987348629832,"325"
"0.000",75.78347991384803,"673"
"0.000",72.39040069284854,"895"
"0.000",464.3197478175075,"2066"
"0.000",76.08367919721216,"2084"
"0.000",-0.10680105289983999,"1638"
"0.000",85.55004405373593,"783"
"0.000",9.12391301517117,"1794"
"0.000",69.86771926247503,"1071"
"0.000",34.010901527348494,"1109"
"0.000",88.22413483602467,"277"
"0.000",444.0855735521929,"1777"
"0.000",105.94748372749032,"1842"
"0.000",-63.65134299113441,"284"
"0.000",18.289706748342297,"342"
"0.000",-212.73613926866582,"1133"
"0.000",152.02046608938133,"2137"
"0.000",-1.5631940186722204e-13,"1271"
"0.000",434.50559070281736,"1073"
"0.000",157.55650296996296,"588"
"0.000",53.95548606234878,"1019"
"0.000",1.117575162781364,"439"
"0.000",5.589733937762588,"46"
"0.000",-67.95968071320085,"586"
"0.000",0.18303484192520614,"336"
"0.000",67.58698774823353,"136"
"0.000",205.95989652244072,"139"
"0.000",113.71894458183445,"1537"
"0.000",151.28250209674326,"1033"
"0.000",-57.54847861421614,"425"
"0.000",2.196879733790013,"1040"
"0.000",9.936940772565507,"731"
"0.000",19.172689879886846,"403"
"0.000",-205.9503595693236,"1597"
"0.000",86.36851102429407,"2072"
"0.000",214.16047712566993,"654"
"0.000",9.13911325050664,"33"
"0.000",522.6023305723103,"1643"
"0.000",1.8474111129762605e-13,"549"
"0.000",152.01856225496073,"1858"
"0.000",-0.2138083419357315,"653"
"0.000",845.4669480800437,"1339"
"0.000",55.633907733951126,"130"
"0.000",0.6440138256314896,"1521"
"0.000",660.0559274154127,"765"
"0.000",551.8101344602251,"1277"
"0.000",679.2406620768869,"552"
"0.000",34.68685248914061,"887"
"0.000",82.5905835987849,"1772"
"0.000",304.14214017406516,"1669"
"0.000",-5.684341886080802e-14,"959"
"0.000",595.2649861315233,"1983"
"0.000",-3.126388037344441e-13,"386"
"0.000",314.92386084386294,"1797"
"0.000",0,"433"
"0.000",13.431633190616068,"1187"
"0.000",44.3513832035563,"437"
"0.000",3.331081103694018,"957"
"0.000",71.17521399010825,"1065"
"0.000",78.1613607925367,"998"
"0.000",615.5957952206204,"197"
"0.000",101.57446517018946,"1719"
"0.000",5.250931887977714,"999"
"0.000",59.95080802606362,"707"
"0.000",-0.879053079745816,"665"
"0.000",30.84501564808,"759"
"0.000",136.59294337306926,"482"
"0.000",-469.35822174561594,"1547"
"0.000",-122.90666899478428,"103"
"0.000",0,"1252"
"0.000",852.4355161727156,"1236"
"0.000",44.397833847398374,"420"
"0.000",35.94766705631102,"1651"
"0.000",-85.02135201575636,"1722"
"0.000",976.6447800760891,"1322"
"0.000",22.46876105213022,"845"
"0.000",250.78612845013188,"1985"
"0.000",183.3567843902997,"1761"
"0.000",-62.31701324804105,"1069"
"0.000",38.07715632984697,"2100"
"0.000",1.8474111129762605e-13,"1043"
"0.000",0,"602"
"0.000",4.10442789981208,"2122"
"0.000",115.63408657748677,"691"
"0.000",79.57489132493669,"697"
"0.000",174.79607836452521,"705"
"0.000",-0.07631083489921764,"2112"
"0.000",459.9572762923608,"104"
"0.000",-8.786702975752405,"1032"
"0.000",327.2156505647454,"171"
"0.000",-253.75272737819168,"1729"
"0.000",501.4243028029587,"1988"
"0.000",7.210779290703513,"604"
"0.000",-2.1846551108481123,"347"
"0.000",0,"179"
"0.000",1.7534265759303196,"562"
"0.000",87.18652859132553,"2079"
"0.000",558.4852255881598,"636"
"0.000",0,"1228"
"0.000",824.3051201325425,"1652"
"0.000",389.6215432886906,"1518"
"0.000",0,"1387"
"0.000",4.141215485728139,"1819"
"0.000",483.1302716713147,"2030"
"0.000",1.2016292072196535,"1611"
"0.000",284.2885623759022,"1724"
"0.000",58.17362609943962,"1746"
"0.000",-0.4306006149605821,"2004"
"0.000",1097.0502525942036,"692"
"0.000",134.42827097110148,"1369"
"0.000",1047.9293694423661,"581"
"0.000",102.11054440876254,"2174"
"0.000",4.924112107699784,"109"
"0.000",388.1110336552874,"133"
"0.000",7.1108726083243425,"1134"
"0.000",-8.215897401844956,"1237"
"0.000",156.65680270352414,"1511"
"0.000",598.5999606723651,"1818"
"0.000",64.08208308280189,"603"
"0.000",60.46048453440025,"383"
"0.000",138.13185350306443,"757"
"0.000",332.05423268574623,"2188"
"0.000",346.688420471723,"771"
"0.000",218.46820606546623,"2154"
"0.000",514.2222306752368,"2088"
"0.000",257.0352210867064,"1875"
"0.000",189.12715099425697,"1618"
"0.000",155.2708352629509,"1402"
"0.000",-5.684341886080802e-14,"432"
"0.000",-0.2317131195448212,"1582"
"0.000",388.97851560547264,"319"
"0.000",350.41027017075254,"1347"
"0.000",0,"1"
"0.000",0.5697698024034423,"1417"
"0.000",121.58505357399459,"346"
"0.000",-40.80954745117418,"71"
"0.000",-48.584804693802354,"267"
"0.000",1175.5682939307153,"68"
"0.000",127.54716969174348,"773"
"0.000",110.64789379465371,"1817"
"0.000",200.03345957171558,"80"
"0.000",797.445956279734,"2192"
"0.000",-0.3116086186689131,"861"
"0.000",138.13185350306443,"738"
"0.000",0,"797"
"0.000",11.846486890704739,"1633"
"0.000",1024.104064193182,"582"
"0.000",0,"1676"
"0.000",177.42639730818019,"1095"
"0.000",0.6250853698827967,"2013"
"0.000",763.3810435728954,"1386"
"0.000",6.58806291631187,"751"
"0.000",17.24071976920834,"237"
"0.000",140.72557447775742,"262"
"0.000",24.652382542195255,"1892"
"0.000",72.40332629391187,"337"
"0.000",-254.80457802909652,"1689"
"0.000",253.53773255767052,"1997"
"0.000",413.11807835003856,"504"
"0.000",475.2425953381866,"1504"
"0.000",129.66283480512533,"399"
"0.000",85.68459514331454,"1699"
"0.000",291.15128052059754,"547"
"0.000",13.470082522641874,"737"
"0.000",96.17743355496117,"569"
"0.000",86.11073673639544,"124"
"0.000",-0.16285463666328326,"452"
"0.000",197.7917441512663,"798"
"0.000",0,"200"
"0.000",115.04238763879623,"2212"
"0.000",96.19375556378748,"990"
"0.000",5.684341886080802e-14,"685"
"0.000",1109.1780893118764,"905"
"0.000",0.6626141903314391,"1379"
"0.000",-42.25816388857709,"973"
"0.000",225.53672251426457,"79"
"0.000",453.9996579206768,"2056"
"0.000",-3.7354545998382065,"1925"
"0.000",-119.88194585449273,"1895"
"0.000",55.441682865442345,"1448"
"0.000",1.1635756057113582,"2144"
"0.000",13.010197224878826,"1116"
"0.000",-53.1336300384211,"1290"
"0.000",13.420674500350003,"2020"
"0.000",450.2302272412555,"997"
"0.000",-2.5579538487363607e-13,"1280"
"0.000",371.49092172740677,"1029"
"0.000",757.1850666239764,"616"
"0.000",162.07823557241534,"1211"
"0.000",-78.55937787467448,"83"
"0.000",215.6270034613569,"542"
"0.000",144.71504617004337,"395"
"0.000",-470.32915990956195,"1294"
"0.000",651.1983037632453,"882"
"0.000",167.44289103975711,"955"
"0.000",1261.4081879540445,"1876"
"0.000",50.746777702577205,"1304"
"0.000",90.01357184288975,"1590"
"0.000",507.6159137340361,"1904"
"0.000",226.00881473014192,"801"
"0.000",101.87829974270068,"1302"
"0.000",147.28375867788566,"223"
"0.000",-88.7008991174316,"1512"
"0.000",0.04916770024028949,"362"
"0.000",0.10731294641175282,"221"
"0.000",87.17617616528499,"1207"
"0.000",169.43450890840444,"1288"
"0.000",229.16151620114294,"2070"
"0.000",18.246952561387985,"2048"
"0.000",1.7677037749254225,"111"
"0.000",38.97797891499476,"1093"
"0.000",14.120381670715403,"1076"
"0.000",-77.4992411917121,"1709"
"0.000",93.69395923064295,"968"
"0.000",88.24314330302532,"1659"
"0.000",599.9562364588973,"326"
"0.000",31.85402333636374,"371"
"0.000",112.25497074075129,"655"
"0.000",1345.300773082421,"1450"
"0.000",62.228932328746936,"183"
"0.000",124.87794920480275,"1225"
"0.000",17.2767945186595,"150"
"0.000",139.70120002168358,"656"
"0.000",698.1443287339353,"122"
"0.000",160.4855845801763,"1014"
"0.000",157.65270487840587,"530"
"0.000",170.76925877204627,"928"
"0.000",0.5398574771472369,"55"
"0.000",41.88292633494004,"148"
"0.000",60.23116217172563,"1798"
"0.000",138.13185350306443,"750"
"0.000",146.8813915688908,"1952"
"0.000",81.40380207259504,"1679"
"0.000",84.44837018029625,"977"
"0.000",-158.30275831423876,"1507"
"0.000",1708.7773557687858,"2220"
"0.000",450.83808621942956,"27"
"0.000",477.4363966861463,"1959"
"0.000",-178.25253530247087,"143"
"0.000",302.0094739289864,"1907"
"0.000",832.6067770891217,"496"
"0.000",275.1452913724837,"1762"
"0.000",-5.684341886080802e-14,"58"
"0.000",85.69133837379559,"1845"
"0.000",166.75239191517403,"668"
"0.000",99.92935524847783,"850"
"0.000",54.58914370743027,"294"
"0.000",65.9778125467958,"1800"
"0.000",697.0267975495938,"926"
"0.000",159.08050525134206,"1009"
"0.000",0,"1546"
"0.000",27.70835712430103,"1708"
"0.000",44.94747859745215,"1619"
"0.000",88.37081161819344,"1836"
"0.000",82.1968963242596,"1815"
"0.000",0,"379"
"0.000",245.46672650195728,"320"
"0.000",537.4526657502746,"942"
"0.000",507.1635683456638,"1062"
"0.000",-22.089587407376683,"115"
"0.000",-9.729162629388206,"1458"
"0.000",0.03165852697226512,"108"
"0.000",-80.55581226998979,"1535"
"0.000",40.10881976294187,"127"
"0.000",173.3013802336544,"2232"
"0.000",-0.3311999853060854,"2171"
"0.000",-98.04050324707707,"2157"
"0.000",77.096204235273,"1924"
"0.000",363.9113533166227,"1866"
"0.000",-55.172017336070354,"676"
"0.000",13.965642514363068,"778"
"0.000",7.042259973031861,"214"
"0.000",91.723089271019,"2218"
"0.000",3.5477810287352582,"532"
"0.000",676.6194775840014,"945"
"0.000",1818.3199744573105,"1371"
"0.000",14.322203418258368,"1951"
"0.000",0.4807271673729048,"259"
"0.000",0.19285564816678402,"1915"
"0.000",339.51044865202755,"2109"
"0.000",522.5448580562222,"921"
"0.000",34.62630794615804,"1227"
"0.000",66.40789242984451,"1923"
"0.000",2.6930782443210575,"1780"
"0.000",20.405071707149606,"2151"
"0.000",64.4522850754848,"1217"
"0.000",140.5232946291792,"984"
"0.000",132.70028475983787,"1249"
"0.000",30.074027456310475,"418"
"0.000",0.6176916675184856,"1870"
"0.000",-4.689582056016661e-13,"1229"
"0.000",103.52538632305142,"978"
"0.000",-89.0209691647161,"407"
"0.000",534.6426441496192,"2005"
"0.000",128.13875548122354,"690"
"0.000",376.4306347131594,"1209"
"0.000",-12.523377745544437,"1477"
"0.000",285.2103840068499,"1569"
"0.000",1.4210854715202004e-14,"683"
"0.000",0,"317"
"0.000",178.13196805732542,"194"
"0.000",515.8474059332333,"2230"
"0.000",11.916306679649168,"1620"
"0.000",0,"463"
"0.000",183.71780644989772,"1570"
"0.000",14.353785524279218,"2096"
"0.000",-0.3887118452932725,"476"
"0.000",95.25888186959597,"2156"
"0.000",738.4490932016611,"883"
"0.000",35.40082053268889,"1887"
"0.000",194.89265799816383,"374"
"0.000",-1.4210854715202004e-14,"1146"
"0.000",228.8255538138159,"1632"
"0.000",3.694822225952521e-13,"224"
"0.000",493.21568688333923,"719"
"0.000",125.54133567388173,"756"
"0.000",702.9259968161546,"933"
"0.000",262.0668918653063,"647"
"0.000",8.594946425817767,"1296"
"0.000",61.57024187315475,"593"
"0.000",334.85795920113685,"2087"
"0.000",35.763816214516375,"154"
"0.000",207.75533272597167,"657"
"0.000",101.32481823919157,"234"
"0.000",77.40420137232095,"474"
"0.000",49.7940750800968,"1645"
"0.000",290.96915992457787,"1306"
"0.000",30.84501564808,"748"
"0.000",109.18693906233008,"1910"
"0.000",324.71727877373974,"1847"
"0.000",715.8355120522867,"1700"
"0.000",224.0243783499629,"2049"
"0.000",-0.2928290268533402,"116"
"0.000",224.32858725372188,"1791"
"0.000",160.59309963515307,"1733"
"0.000",208.85938742393745,"970"
"0.000",155.1375768143601,"1977"
"0.000",3.322856038760989,"732"
"0.000",115.04238763879623,"1711"
"0.000",20.271593746568854,"1856"
"0.000",202.01449560522786,"1627"
"0.000",-3.0528179287680217,"734"
"0.000",-35.13535461448389,"1767"
"0.000",613.4871427048356,"1563"
"0.000",124.2360329854281,"1567"
"0.000",469.5020448906105,"180"
"0.000",89.63318686014816,"2193"
"0.000",-59.73439587645314,"1219"
"0.000",156.438208481792,"967"
"0.000",108.79455991119002,"1827"
"0.000",-23.075419844291048,"263"
"0.000",9.15333568728029,"836"
"0.000",272.3266166958709,"784"
"0.000",5.130900203754194,"1571"
"0.000",1.4615396252288662,"470"
"0.000",-560.7522208013559,"1565"
"0.000",75.70347435035355,"780"
"0.000",433.083934896311,"2018"
"0.000",0.061080104406528335,"577"
"0.000",249.82998106391761,"505"
"0.000",810.2416610212367,"1057"
"0.000",25.84697857051038,"328"
"0.000",123.7574921202274,"717"
"0.000",324.3410991922816,"525"
"0.000",211.74634879708063,"634"
"0.000",941.8779103491709,"1938"
"0.000",96.30115249455218,"2225"
"0.000",-59.89882763716305,"710"
"0.000",96.14546249710011,"48"
"0.000",81.344608643533,"1015"
"0.000",168.19447648587786,"2032"
"0.000",108.24482851542051,"1077"
"0.000",100.88709803368575,"456"
"0.000",92.38773221286144,"2145"
"0.000",3.505511441192496,"796"
"0.000",5.6389189823274535,"1896"
"0.000",-0.24856366744425884,"1281"
"0.000",673.7938776198022,"1247"
"0.000",397.30476535518386,"1409"
"0.000",1063.6014584703419,"686"
"0.000",-47.92344466467368,"1427"
"0.000",901.2018397381506,"974"
"0.000",10.496987694445295,"1406"
"0.000",494.7030818585446,"1741"
"0.000",404.88171122992946,"1849"
"0.000",93.60618596935252,"233"
"0.000",0.059216305081861265,"1370"
"0.000",856.6896282219457,"1115"
"0.000",27.52996791667873,"93"
"0.000",109.95752769238209,"89"
"0.000",337.4699619877817,"1383"
"0.000",297.6415116242131,"723"
"0.000",141.88106236367807,"1345"
"0.000",480.81050392814905,"884"
"0.000",101.91629795720468,"609"
"0.000",139.6158561548658,"953"
"0.000",31.584300202056724,"416"
"0.000",1083.2403517360508,"195"
"0.000",55.71059447148947,"1286"
"0.000",134.62531355677658,"1529"
"0.000",32.578482587077396,"1153"
"0.000",607.1651047117023,"1744"
"0.000",1017.6117303720819,"2036"
"0.000",338.50767645287164,"1047"
"0.000",28.002396553148948,"1083"
"0.000",85.88143033601395,"1675"
"0.000",0.628890386401149,"503"
"0.000",10.229717363690966,"1888"
"0.000",90.02505447844003,"1356"
"0.000",143.14315368569794,"994"
"0.000",-1.4210854715202004e-14,"1099"
"0.000",358.55299586014047,"2209"
"0.000",0.4390583503412273,"1893"
"0.000",546.1687990917858,"962"
"0.000",-1.4050798194011804,"106"
"0.000",537.8040665304019,"1010"
"0.000",13.701998063238634,"2177"
"0.000",-21.84506795453185,"795"
"0.000",171.08399453808485,"809"
"0.000",388.8715899735709,"1690"
"0.000",155.1934656143607,"908"
"0.000",150.1102355183903,"1556"
"0.000",-16.498091389624584,"370"
"0.000",8.513790317601597,"684"
"0.000",217.18884991188227,"1135"
"0.000",580.0673286688257,"1156"
"0.000",608.563493135466,"1935"
"0.000",167.85281958347426,"1395"
"0.000",1.4210854715202004e-14,"1472"
"0.000",-20.62253037013147,"2076"
"0.000",-5.684341886080802e-14,"1234"
"0.000",47.19181290462327,"854"
"0.000",971.1607738852381,"2097"
"0.000",460.5830162838061,"1056"
"0.000",0,"916"
"0.000",566.542335400845,"1471"
"0.000",90.32970460074704,"114"
"0.000",221.37017209890593,"518"
"0.000",6.58806291631187,"754"
"0.000",0,"98"
"0.000",141.74397497736737,"1488"
"0.000",112.71270326033124,"715"
"0.000",0,"235"
"0.000",748.6352306369346,"1132"
"0.000",77.86957602066616,"763"
"0.000",3.126388037344441e-13,"306"
"0.000",410.57079530274314,"1809"
"0.000",435.0508903763505,"1066"
"0.000",0,"358"
"0.000",1.0235066398298898,"412"
"0.000",85.95439113707594,"564"
"0.000",-18.79633499793904,"72"
"0.000",-0.46189443351606485,"1168"
"0.000",0.059216305081861265,"1527"
"0.000",88.04861260125983,"1260"
"0.000",-0.03396780051782855,"77"
"0.000",54.705579385052175,"1916"
"0.000",75.12883291718084,"131"
"0.000",99.81960971652765,"310"
"0.000",537.1283616524001,"37"
"0.000",222.51012290115776,"1962"
"0.000",152.49860578187264,"1624"
"0.000",89.76740061129487,"584"
"0.000",7.604781608754351,"1821"
"0.000",0,"353"
"0.000",-101.45367021063868,"1609"
"0.000",6.546304462145065,"806"
"0.000",5.684341886080802e-14,"834"
"0.000",1.129525466870291,"831"
"0.000",98.93643837150583,"813"
"0.000",103.84323806827017,"1164"
"0.000",196.25885780376677,"574"
"0.000",26.55344433058437,"1443"
"0.000",-445.85351264206963,"225"
"0.000",32.38296966345136,"1446"
"0.000",74.72384569361991,"174"
"0.000",20.224818040804152,"45"
"0.000",697.0852899067057,"1430"
"0.000",0.7011128727467479,"1790"
"0.000",266.7832687721859,"975"
"0.000",108.24598079848064,"1577"
"0.000",17.261352153195574,"1802"
"0.000",496.8069695106656,"2090"
"0.000",245.55470268462904,"915"
"0.000",595.0118661056117,"1677"
"0.000",-34.2748663255656,"207"
"0.000",224.38028849443262,"979"
"0.000",-55.293712601533414,"1901"
"0.000",388.8765692670583,"2103"
"0.000",151.77673453427087,"1884"
"0.000",0,"871"
"0.000",140.5342974504463,"1410"
"0.000",110.78673266110832,"1758"
"0.000",1531.7848916595692,"1442"
"0.000",0.07656459384857328,"704"
"0.000",941.9555864860858,"157"
"0.000",692.7949284103975,"1909"
"0.000",88.87759178537425,"618"
"0.000",84.39123036125194,"1851"
"0.000",269.38561881176844,"313"
"0.000",86.45869413312975,"2046"
"0.000",131.66713635507895,"1080"
"0.000",1.0098144935212474,"140"
"0.000",0.8626923883171429,"137"
"0.000",290.07132127800315,"392"
"0.000",73.88577833713842,"1972"
"0.000",30.84501564808,"760"
"0.000",107.60872711489003,"1539"
"0.000",-175.21043242037373,"1500"
"0.000",0,"1515"
"0.000",16.147487826327307,"1736"
"0.000",0,"580"
"0.000",-0.16278495208518962,"1131"
"0.000",5.266809436698949,"1625"
"0.000",13.470082522641874,"742"
"0.000",460.5164124186591,"912"
"0.000",0,"1478"
"0.000",119.39847769685653,"1964"
"0.000",1364.4021770857526,"938"
"0.000",1.103598461429911,"1158"
"0.000",66.9456203249332,"1037"
"0.000",969.7187114577764,"184"
"0.000",77.86957602066616,"753"
"0.000",1.5155902676281698,"550"
"0.000",136.6786710291831,"394"
"0.000",139.67760680806322,"1437"
"0.000",25.85274354649828,"867"
"0.000",0.11507624330351973,"554"
"0.000",87.10881133319315,"424"
"0.000",143.03801564063014,"2094"
"0.000",0,"670"
"0.000",24.303608733663264,"309"
"0.000",90.36499780245056,"1854"
"0.000",-7.58089516835112,"1366"
"0.000",395.8891596235819,"1067"
"0.000",0.3699654485953374,"156"
"0.000",278.471709451473,"1599"
"0.000",1.4210854715202004e-14,"1475"
"0.000",80.71594011051678,"1235"
"0.000",57.69563189224576,"282"
"0.000",192.93916095260136,"502"
"0.000",151.38719707045914,"117"
"0.000",387.9319546449388,"40"
"0.000",0,"257"
"0.000",-30.20419084984816,"1485"
"0.000",-1.9895196601282805e-13,"1258"
"0.000",53.6635020430727,"1637"
"0.000",135.42352988137407,"2115"
"0.000",34.05147315082216,"1519"
"0.000",249.41540463914055,"914"
"0.000",0.4896774040212506,"728"
"0.000",895.9687094828159,"506"
"0.000",-0.7910174836350308,"1501"
"0.000",-231.29683998150523,"1468"
"0.000",40.75701452215024,"2146"
"0.000",285.1553314284805,"2071"
"0.000",0.7518056118046417,"1486"
"0.000",0.0308458844174595,"201"
"0.000",114.84679250062345,"1617"
"0.000",5.684341886080802e-14,"2176"
"0.000",680.0092635057566,"2059"
"0.000",195.93407621721644,"1778"
"0.000",305.89668784544307,"1314"
"0.000",0,"1196"
"0.000",145.23018730767313,"446"
"0.000",0,"86"
"0.000",19.268485201474107,"749"
"0.000",0,"920"
"0.000",96.01115850897789,"1058"
"0.001",183.2688699650892,"409"
"0.001",9.59209136051038,"338"
"0.001",-160.05470414699207,"1623"
"0.001",676.4378466689219,"1868"
"0.001",160.88158204721873,"545"
"0.001",383.3459774689103,"2197"
"0.001",347.15080014866027,"2035"
"0.001",-566.8643298044756,"572"
"0.001",106.4700661643354,"1900"
"0.001",218.66464537013303,"1354"
"0.001",-22.010154596044927,"1660"
"0.001",169.42638464730683,"1808"
"0.001",1124.7568672737327,"20"
"0.001",679.5952556113116,"541"
"0.001",46.77884858011707,"2060"
"0.001",-31.323711776945075,"827"
"0.001",189.9231114293433,"1179"
"0.001",-69.12592041372196,"404"
"0.001",-107.60929708950465,"1644"
"0.001",217.4663611123467,"591"
"0.001",487.2160976528372,"1956"
"0.001",50.42939798757234,"2047"
"0.001",48.86291819393307,"923"
"0.001",-218.9841087861363,"105"
"0.001",185.59473887429562,"1852"
"0.001",373.91402320711137,"281"
"0.001",-95.6631822634521,"2037"
"0.001",-5.043123783155764,"1706"
"0.001",887.5036051467862,"2053"
"0.001",322.4718683179262,"493"
"0.001",736.8188106499564,"1536"
"0.001",-56.67048223494376,"2175"
"0.001",-69.1717947546882,"2002"
"0.001",1980.6905505093337,"626"
"0.001",98.57690099173914,"509"
"0.001",102.31682591947703,"658"
"0.001",-82.1511130557516,"1068"
"0.001",52.823233287728385,"38"
"0.001",327.8823894041283,"641"
"0.001",-77.22737937139259,"1301"
"0.001",-85.00162880603942,"1583"
"0.001",78.53136755413452,"888"
"0.001",27.9268095070251,"311"
"0.001",389.0395932145904,"250"
"0.001",678.8862923424433,"1872"
"0.001",-40.46094339144199,"210"
"0.001",-1.2538697915375394,"1122"
"0.001",1236.8893936217687,"1681"
"0.001",-97.20189183627397,"1661"
"0.001",1578.9642668878726,"238"
"0.001",23.70744306807009,"2181"
"0.001",-819.9640427329484,"142"
"0.001",-158.02669786579793,"937"
"0.001",367.4837516246727,"1150"
"0.001",222.2616545753085,"531"
"0.001",654.8986424939819,"1650"
"0.001",159.75969244316792,"546"
"0.001",560.547102906733,"1264"
"0.001",649.8990968652747,"1600"
"0.001",361.06096052108705,"135"
"0.001",877.2113740560101,"941"
"0.001",784.7535589147424,"107"
"0.001",226.44171856303493,"1578"
"0.001",57.5763438308271,"844"
"0.001",578.0218009431193,"57"
"0.001",103.994559813012,"1149"
"0.001",204.07130595237626,"1757"
"0.001",330.12371490496093,"2204"
"0.001",-44.42940446431058,"1464"
"0.001",87.92263331873853,"1993"
"0.001",156.90582079016497,"2081"
"0.001",81.4834241438187,"766"
"0.001",-231.470591657843,"1649"
"0.001",67.0290879375665,"155"
"0.001",133.39960848722774,"1871"
"0.001",-242.757198416657,"1422"
"0.001",-455.12923403667526,"1523"
"0.001",859.3002808408892,"540"
"0.001",-891.8153812855152,"1201"
"0.001",235.83804505652074,"1739"
"0.001",241.1352828220034,"464"
"0.001",156.26858817412446,"1825"
"0.001",-73.78066708068877,"1317"
"0.001",525.3801174515982,"1980"
"0.001",20.841741506811346,"1891"
"0.001",174.35981445540602,"936"
"0.001",685.7186815529591,"1781"
"0.001",581.0868556708537,"426"
"0.001",84.27284958080561,"2215"
"0.001",921.657151408949,"444"
"0.001",1339.8304611538067,"219"
"0.001",119.23034844866298,"1608"
"0.001",101.03131010968775,"1782"
"0.001",64.01832270290203,"204"
"0.001",359.3649557779165,"1200"
"0.001",-72.03591236802369,"178"
"0.001",-80.15981629974166,"640"
"0.001",192.74850008261222,"314"
"0.001",-200.45488446293848,"934"
"0.001",67.63241731945044,"516"
"0.001",69.45565944810049,"1763"
"0.001",176.47642665944556,"1750"
"0.001",496.52813815341904,"1684"
"0.001",-155.0050852131395,"75"
"0.001",-399.46845759241745,"396"
"0.001",-69.06377752794877,"81"
"0.001",497.50905912911753,"1683"
"0.001",-86.44257009945451,"53"
"0.001",40.28764740239289,"2083"
"0.001",64.06840675682304,"2148"
"0.001",150.34066469316093,"1372"
"0.001",513.1353177090216,"2069"
"0.001",-65.29408440515182,"275"
"0.001",543.1441077626705,"2126"
"0.001",729.0019995445339,"1621"
"0.001",522.922225761131,"2184"
"0.001",438.73734296558223,"1457"
"0.001",202.64775944963597,"76"
"0.001",-145.75770847298884,"1776"
"0.001",48.40583898336762,"1397"
"0.001",-81.24549824447972,"2159"
"0.001",455.55327537498687,"2163"
"0.001",-109.37871173714986,"1734"
"0.001",449.9021308003276,"462"
"0.001",377.2070188022881,"492"
"0.001",328.49842388560967,"167"
"0.001",-101.79561421153572,"228"
"0.001",548.5944055481035,"2135"
"0.001",91.614744889904,"777"
"0.001",-80.7321896044412,"1303"
"0.001",-208.0344929633636,"274"
"0.001",459.41632421000406,"427"
"0.001",140.8672610319532,"1922"
"0.001",94.87947835181045,"2050"
"0.001",-249.66581243867955,"1460"
"0.001",20.316947760553628,"431"
"0.001",2123.3747153970626,"1007"
"0.001",221.00310159535496,"1816"
"0.001",490.2280245973768,"241"
"0.001",1019.9539815483323,"1350"
"0.001",299.707632346711,"84"
"0.001",548.3441960404883,"1877"
"0.001",64.9957304220893,"2147"
"0.001",-67.61831826793848,"520"
"0.001",-13.456839502214365,"1930"
"0.001",200.94142479218192,"1568"
"0.001",452.38604076579236,"146"
"0.001",493.09006439347087,"2052"
"0.001",-28.287690362114425,"2221"
"0.001",396.58273169319415,"2172"
"0.001",6.368393676154689,"1913"
"0.001",541.2246395011371,"380"
"0.001",365.776024207786,"2132"
"0.001",242.31566739199656,"1755"
"0.001",-688.8791978280896,"1285"
"0.001",-29.916665742527137,"2222"
"0.001",284.8936705042712,"508"
"0.001",-109.90837265493111,"1060"
"0.001",-357.48513256487666,"1326"
"0.001",108.33627761032129,"1532"
"0.001",-51.94035172900485,"1447"
"0.001",-43.55276579235925,"163"
"0.001",295.19608770474736,"153"
"0.001",275.269266344401,"1375"
"0.001",28.93982791499829,"578"
"0.001",1276.448988889238,"398"
"0.001",76.47515208037987,"1018"
"0.001",-41.83757428534591,"1419"
"0.001",324.5908498349993,"935"
"0.001",1283.1320681903917,"638"
"0.001",251.28804087424226,"390"
"0.001",-45.428085277524175,"1378"
"0.001",-1521.1224615725885,"22"
"0.001",-57.818881594079244,"465"
"0.001",87.14499866841788,"680"
"0.001",-139.1530567966126,"434"
"0.001",135.20286844699586,"421"
"0.001",175.03342164182942,"513"
"0.001",1.0476712202805913,"1820"
"0.001",432.06817791909293,"473"
"0.001",-63.39158916616903,"649"
"0.001",-645.1227915532074,"1524"
"0.001",43.39809494377751,"535"
"0.001",11.87213704794478,"1530"
"0.001",298.68720372099995,"1855"
"0.001",346.49466743788673,"571"
"0.001",212.3760198207952,"119"
"0.001",177.3874838141825,"1996"
"0.001",74.78696942868179,"1837"
"0.001",202.6329357075085,"1400"
"0.001",-38.14033167189882,"1674"
"0.001",-14.46498224481563,"793"
"0.001",60.82421585414645,"608"
"0.001",399.43559171380645,"669"
"0.001",-136.82208996712347,"1981"
"0.001",239.00468324630137,"2042"
"0.001",676.2122307975048,"824"
"0.001",6.212187874181865,"329"
"0.001",381.3406412524907,"2168"
"0.001",-22.22122654795392,"2093"
"0.001",872.9193552743509,"1973"
"0.001",-8.534261779600527,"352"
"0.001",-359.49498418732384,"590"
"0.001",-130.59850478244977,"1340"
"0.001",220.9508980697703,"583"
"0.001",265.0369646455891,"1886"
"0.001",1237.5183037110173,"1903"
"0.001",566.0594039909105,"1665"
"0.001",-63.22539118073591,"1503"
"0.001",109.47840087823757,"1712"
"0.001",730.7135642486197,"863"
"0.001",135.18980766989532,"570"
"0.002",405.1825847804095,"950"
"0.002",15.821476041143665,"1929"
"0.002",32.689299341688766,"1499"
"0.002",-405.11461228358024,"1595"
"0.002",308.77916600082847,"1100"
"0.002",-265.94716327834954,"1960"
"0.002",548.4754650312249,"1704"
"0.002",654.1718610712747,"468"
"0.002",-135.40412073479638,"149"
"0.002",473.11811165073135,"1517"
"0.002",33.06875879213159,"1898"
"0.002",-75.21521309735563,"1939"
"0.002",188.43609688131738,"231"
"0.002",675.2275400694576,"1142"
"0.002",386.1348091980488,"162"
"0.002",-48.10930369191051,"875"
"0.002",-435.4501953331414,"817"
"0.002",1726.6141778468016,"343"
"0.002",1260.0209020238294,"1300"
"0.002",694.164805337355,"1918"
"0.002",435.5667006042027,"1203"
"0.002",148.31811602076868,"1348"
"0.002",-386.9225760313694,"272"
"0.002",-692.3139089447657,"687"
"0.002",271.3350985040174,"2136"
"0.002",-17.480584257218112,"1528"
"0.002",181.01114702249004,"1715"
"0.002",393.71317922226433,"69"
"0.002",113.53961626290902,"846"
"0.002",40.443698882328405,"288"
"0.002",185.7814167988965,"1272"
"0.002",109.2346284296226,"2019"
"0.002",508.9868349300984,"1137"
"0.002",31.341033439944653,"30"
"0.002",-168.02652499574623,"415"
"0.002",300.6174564455023,"303"
"0.002",304.0145218799466,"1261"
"0.002",82.91425038832458,"1230"
"0.002",-153.52397586449732,"1867"
"0.002",-365.4018135110002,"296"
"0.002",-447.45513969224146,"1479"
"0.002",-184.60604184474937,"365"
"0.002",332.337419177191,"301"
"0.002",360.3720675830126,"815"
"0.002",429.27693749789705,"1408"
"0.002",1180.6095102093302,"169"
"0.002",2399.034191587492,"693"
"0.002",664.513608834152,"450"
"0.002",-66.40284351075998,"786"
"0.002",35.27602593886439,"61"
"0.002",864.5806591200212,"2214"
"0.002",1088.6962004462328,"208"
"0.002",30.081459435827636,"2202"
"0.002",-87.10714317419435,"1604"
"0.002",4.578944318171409,"191"
"0.002",304.8203539963826,"2116"
"0.002",1319.665786569128,"258"
"0.002",116.5996191010668,"2178"
"0.002",765.2467934655629,"1994"
"0.002",-96.60593857811942,"1327"
"0.002",1643.924067965916,"78"
"0.002",-87.3438450175277,"2033"
"0.002",8.850968913984886,"1388"
"0.002",-144.73074533930662,"187"
"0.002",702.6140342760591,"1016"
"0.002",12.012581921646714,"910"
"0.002",-101.02725415499944,"1513"
"0.002",-150.91204241031608,"1120"
"0.002",667.0519119571097,"16"
"0.002",259.0352059474004,"345"
"0.002",1450.8716472137196,"59"
"0.002",312.1374626516995,"2077"
"0.003",926.0676734497729,"198"
"0.003",-112.15835559312623,"1666"
"0.003",-105.99970028610271,"2237"
"0.003",395.1083477447544,"14"
"0.003",277.93051675365314,"1103"
"0.003",-45.22088588375193,"1251"
"0.003",622.778596763305,"34"
"0.003",-1641.9819053941142,"242"
"0.003",-13.219799398132963,"992"
"0.003",429.9251066427505,"1126"
"0.003",305.0225890265127,"1663"
"0.003",1425.4828408914477,"533"
"0.003",-235.7378828505601,"954"
"0.003",261.0846787503328,"159"
"0.003",903.9736530080328,"1824"
"0.004",969.5847956981481,"99"
"0.004",1042.5588133953383,"297"
"0.004",-7576.355940263412,"102"
"0.005",275.79144607045583,"65"
"0.005",2350.4895541411533,"800"
"0.005",1412.439161644863,"1329"
"0.005",1925.7337866100545,"1330"
"0.005",1382.421743445904,"486"
"0.005",2020.5588641123009,"1987"
"0.006",287.80176205871624,"260"
"0.006",1622.215287367553,"60"
"0.006",-301.07432966539017,"23"
"0.006",-900.4869968497665,"646"
"0.006",161.52513658412522,"847"
"0.006",3181.5694617360823,"1216"
"0.008",4805.826972152428,"671"
"0.013",-7296.7452142984575,"255"
"0.018",8544.336178052068,"819"
"0.018",-3849.3134763396106,"87"
"0.018",7870.659167797007,"4"
"0.029",-4499.621712180368,"1070"
"0.136",568.7314713501584,"1011"
"0.174",98.47579553111326,"2085"
"1.016",249.42761770140345,"779"
"1.155",245.18422596582593,"2031"
